file,name,DIST_CODE,VIL_CODE,VIL_CCD,VIL_NM_E,VIL_NM_G,polygons,vertices,centroid_lon,centroid_lat,bytes,simplified_tolerance_deg
AFANTEIA_ORNITHI.kml,AFANTEIA (ORNITHI),3,232,3232,AFANTEIA (ORNITHI),ΑΦΑΝΤΕΙΑ (ΟΡΝΙΘΙ),1,809,33.5713,35.1484,33025,
AGIA.kml,AGIA,1,124,1124,AGIA,ΑΓΙΑ,1,870,33.5595,35.1133,35250,
AGIA_ANNA.kml,AGIA ANNA,4,211,4211,AGIA ANNA,ΑΓΙΑ ΑΝΝΑ,1,341,33.4881,34.9411,15299,
AGIA_EIRINI.kml,AGIA EIRINI,2,128,2128,AGIA EIRINI,ΑΓΙΑ ΕΙΡΗΝΗ,1,1181,32.9719,35.2925,47052,
AGIA_MARINA_KELOKED.kml,AGIA MARINA KELOKED.,6,221,6221,AGIA MARINA KELOKED.,ΑΓΙΑ ΜΑΡΙΝΑ ΚΕΛΟΚΕΔΑΡΩΝ,1,355,32.6131,34.8251,15894,
AGIA_MARINA_XYLIATOU.kml,AGIA MARINA XYLIATOU,1,324,1324,AGIA MARINA XYLIATOU,ΑΓΙΑ ΜΑΡΙΝΑ ΞΥΛΙΑΤΟΥ,1,2161,33.0516,35.0423,84121,
AGIA_NAPA_ACHNA.kml,"AGIA NAPA, ACHNA",3,111,3111,"AGIA NAPA, ACHNA","ΑΓΙΑ ΝΑΠΑ, ΑΧΝΑ",1,1064,33.796,35.0485,42619,
AGIA_NAPA_AGIA_NAPA.kml,"AGIA NAPA, AGIA NAPA",3,100,3100,"AGIA NAPA, AGIA NAPA","ΑΓΙΑ ΝΑΠΑ, ΑΓΙΑ ΝΑΠΑ",3,5533,33.9929,34.9798,211883,
AGIA_NAPA_AVGOROU.kml,"AGIA NAPA, AVGOROU",3,110,3110,"AGIA NAPA, AVGOROU","ΑΓΙΑ ΝΑΠΑ, ΑΥΓΟΡΟΥ",1,1399,33.8411,35.0459,55291,
AGIA_NAPA_LIOPETRI.kml,"AGIA NAPA, LIOPETRI",3,104,3104,"AGIA NAPA, LIOPETRI","ΑΓΙΑ ΝΑΠΑ, ΛΙΟΠΕΤΡΙ",1,1086,33.8894,35.0016,43502,
AGIA_NAPA_SOTIRA.kml,"AGIA NAPA, SOTIRA",3,103,3103,"AGIA NAPA, SOTIRA","ΑΓΙΑ ΝΑΠΑ, ΣΩΤΗΡΑ",3,1942,33.9273,34.9972,76280,
AGIA_TRIADA.kml,AGIA TRIADA,3,353,3353,AGIA TRIADA,ΑΓΙΑ ΤΡΙΑΔΑ,1,1365,34.2487,35.5325,53978,
AGIA_VARVARA_LEFKOSIA.kml,AGIA VARVARA (LEFKOSIA),1,103,1103,AGIA VARVARA,ΑΓΙΑ ΒΑΡΒΑΡΑ,1,2381,33.3583,35.0105,92449,
AGIA_VARVARA_PAFOS.kml,AGIA VARVARA (PAFOS),6,106,6106,AGIA VARVARA,ΑΓΙΑ ΒΑΡΒΑΡΑ,1,500,32.5069,34.757,21351,
AGIOI_ILIOFOTOI.kml,AGIOI ILIOFOTOI,1,325,1325,AGIOI ILIOFOTOI,ΑΓΙΟΙ ΗΛΙΟΦΩΤΟΙ,1,471,33.1101,35.0666,20262,
AGIOI_TRIMITHIAS.kml,AGIOI TRIMITHIAS,1,240,1240,AGIOI TRIMITHIAS,ΑΓΙΟΙ ΤΡΙΜΙΘΙΑΣ,1,1642,33.2392,35.1143,64475,
AGIOI_VAVATSINIAS.kml,AGIOI VAVATSINIAS,4,318,4318,AGIOI VAVATSINIAS,ΑΓΙΟΙ ΒΑΒΑΤΣΙΝΙΑΣ,1,595,33.1953,34.8826,24947,
AGIOS_AMVROSIOS.kml,AGIOS AMVROSIOS,2,201,2201,AGIOS AMVROSIOS,ΑΓΙΟΣ ΑΜΒΡΟΣΙΟΣ,1,2100,33.5257,35.3318,81775,
AGIOS_CHARITON.kml,AGIOS CHARITON,3,238,3238,AGIOS CHARITON,ΑΓΙΟΣ ΧΑΡΙΤΩΝ,1,363,33.6113,35.2933,16159,
AGIOS_DIMITRIANOS.kml,AGIOS DIMITRIANOS,6,301,6301,AGIOS DIMITRIANOS,ΑΓΙΟΣ ΔΗΜΗΤΡΙΑΝΟΣ,1,492,32.5497,34.9013,21026,
AGIOS_DIMITRIOS.kml,AGIOS DIMITRIOS,5,340,5340,AGIOS DIMITRIOS,ΑΓΙΟΣ ΔΗΜΗΤΡΙΟΣ,1,271,32.809,34.9198,12677,
AGIOS_EFSTATHIOS.kml,AGIOS EFSTATHIOS,3,333,3333,AGIOS EFSTATHIOS,ΑΓΙΟΣ ΕΥΣΤΑΘΙΟΣ,1,254,34.0162,35.3854,12043,
AGIOS_EPIKTITOS.kml,AGIOS EPIKTITOS,2,205,2205,AGIOS EPIKTITOS,ΑΓΙΟΣ ΕΠΙΚΤΗΤΟΣ,1,1471,33.4184,35.3197,58041,
AGIOS_ERMOLAOS.kml,AGIOS ERMOLAOS,2,120,2120,AGIOS ERMOLAOS,ΑΓΙΟΣ ΕΡΜΟΛΑΟΣ,1,1185,33.1725,35.2664,47190,
AGIOS_GEORGIOS.kml,AGIOS GEORGIOS,6,205,6205,AGIOS GEORGIOS,ΑΓΙΟΣ ΓΕΩΡΓΙΟΣ,1,453,32.6503,34.7857,19563,
AGIOS_GEORGIOS_KERYN.kml,AGIOS GEORGIOS KERYN,2,218,2218,AGIOS GEORGIOS KERYN,ΑΓΙΟΣ ΓΕΩΡΓΙΟΣ ΚΕΡΥΝ,1,320,33.2691,35.3439,14565,
AGIOS_IAKOVOS.kml,AGIOS IAKOVOS,3,310,3310,AGIOS IAKOVOS,ΑΓΙΟΣ ΙΑΚΩΒΟΣ,1,1339,33.8201,35.3216,52997,
AGIOS_ILIAS.kml,AGIOS ILIAS,3,322,3322,AGIOS ILIAS,ΑΓΙΟΣ ΗΛΙΑΣ,1,1762,33.93,35.3272,68959,
AGIOS_IOANNIS.kml,AGIOS IOANNIS,1,211,1211,AGIOS IOANNIS,ΑΓΙΟΣ ΙΩΑΝΝΗΣ,1,993,33.1783,35.0767,39938,
AGIOS_IOANNIS_PAFOU.kml,AGIOS IOANNIS PAFOU,6,219,6219,AGIOS IOANNIS PAFOU,ΑΓΙΟΣ ΙΩΑΝΝΗΣ ΠΑΦΟΥ,1,932,32.6923,34.8795,37661,
AGIOS_IOANNIS_SELEM.kml,AGIOS IOANNIS SELEM.,1,454,1454,AGIOS IOANNIS SELEM.,ΑΓΙΟΣ ΙΩΑΝΝΗΣ ΣΕΛΕΜ.,1,331,32.6996,35.1427,14982,
AGIOS_ISIDOROS.kml,AGIOS ISIDOROS,6,369,6369,AGIOS ISIDOROS,ΑΓΙΟΣ ΙΣΙΔΩΡΟΣ,1,341,32.4725,35.0089,15330,
AGIOS_KONSTANTINOS.kml,AGIOS KONSTANTINOS,5,143,5143,AGIOS KONSTANTINOS,ΑΓΙΟΣ ΚΩΝΣΤΑΝΤΙΝΟΣ,1,525,33.0727,34.8722,22308,
AGIOS_MAMAS.kml,AGIOS MAMAS,5,316,5316,AGIOS MAMAS,ΑΓΙΟΣ ΜΑΜΑΣ,1,899,32.9453,34.8415,36398,
AGIOS_NIKOLAOS.kml,AGIOS NIKOLAOS,3,301,3301,AGIOS NIKOLAOS,ΑΓΙΟΣ ΝΙΚΟΛΑΟΣ,1,530,33.6737,35.3253,22467,
AGIOS_NIKOLAOS_PAFOU.kml,AGIOS NIKOLAOS PAFOU,6,218,6218,AGIOS NIKOLAOS PAFOU,ΑΓΙΟΣ ΝΙΚΟΛΑΟΣ ΠΑΦΟΥ,1,1232,32.7534,34.8859,49024,
AGIOS_PAVLOS.kml,AGIOS PAVLOS,5,142,5142,AGIOS PAVLOS,ΑΓΙΟΣ ΠΑΥΛΟΣ,1,560,33.0497,34.872,23597,
AGIOS_SERGIOS.kml,AGIOS SERGIOS,3,121,3121,AGIOS SERGIOS,ΑΓΙΟΣ ΣΕΡΓΙΟΣ,1,714,33.8935,35.1989,29437,
AGIOS_SOZOMENOS.kml,AGIOS SOZOMENOS,1,121,1121,AGIOS SOZOMENOS,ΑΓΙΟΣ ΣΩΖΟΜΕΝΟΣ,1,626,33.4384,35.0732,26083,
AGIOS_SYMEON.kml,AGIOS SYMEON,3,350,3350,AGIOS SYMEON,ΑΓΙΟΣ ΣΥΜΕΩΝ,1,847,34.2353,35.4871,34414,
AGIOS_THEODOROS.kml,AGIOS THEODOROS,3,330,3330,AGIOS THEODOROS,ΑΓΙΟΣ ΘΕΟΔΩΡΟΣ,2,890,34.0387,35.3532,36280,
AGIOS_THEODOROS_LARN.kml,AGIOS THEODOROS LARN,4,307,4307,AGIOS THEODOROS LARN,ΑΓIOΣ ΘΕΟΔΩΡΟΣ ΛΑΡΝΑΚΑΣ,1,1136,33.4007,34.7822,45368,
AGIOS_THERAPON.kml,AGIOS THERAPON,5,306,5306,AGIOS THERAPON,ΑΓΙΟΣ ΘΕΡΑΠΩΝ,1,1172,32.8702,34.7824,46735,
AGIOS_THOMAS.kml,AGIOS THOMAS,5,224,5224,AGIOS THOMAS,ΑΓΙΟΣ ΘΩΜΑΣ,1,278,32.7296,34.7094,12936,
AGIOS_VASILEIOS.kml,AGIOS VASILEIOS,1,248,1248,AGIOS VASILEIOS,ΑΓΙΟΣ ΒΑΣΙΛΕΙΟΣ,1,697,33.1943,35.2162,28792,
AGIRDA.kml,AGIRDA,2,114,2114,AGIRDA,ΑΓΙΡΔΑ,1,455,33.2768,35.2893,19608,
AGRIDAKI.kml,AGRIDAKI,2,220,2220,AGRIDAKI,ΑΓΡΙΔΑΚΙ,1,1041,33.1502,35.2929,41736,
AGRIDIA.kml,AGRIDIA,5,367,5367,AGRIDIA,ΑΓΡΙΔΙΑ,1,594,32.9959,34.9294,24842,
AGROKIPIA.kml,AGROKIPIA,1,212,1212,AGROKIPIA,ΑΓΡΟΚΗΠΙΑ,1,797,33.1523,35.0491,32500,
AGROS.kml,AGROS,5,366,5366,AGROS,ΑΓΡΟΣ,1,914,33.0184,34.9168,36919,
AG_AMVROSIOS_LEMESOU.kml,AG AMVROSIOS LEMESOU,5,305,5305,AG AMVROSIOS LEMESOU,ΑΓ ΑΜΒΡΟΣΙΟΣ ΛΕΜΕΣΟΥ,1,714,32.8158,34.7582,29430,
AG_ANDRONIKOS_KARPAS.kml,AG ANDRONIKOS KARPAS,3,348,3348,AG ANDRONIKOS KARPAS,ΑΓ ΑΝΔΡΟΝΙΚΟΣ ΚΑΡΠΑΣ,2,3031,34.1987,35.4987,117189,
AG_ANDRONIKOS_TRIKOM.kml,AG ANDRONIKOS TRIKOM,3,311,3311,AG ANDRONIKOS TRIKOM,ΑΓ ΑΝΔΡΟΝΙΚΟΣ ΤΡΙΚΩΜ,1,1692,33.8678,35.3284,66420,
AG_EIRINI_LEFKOSIAS.kml,AG EIRINI LEFKOSIAS,1,402,1402,AG EIRINI LEFKOSIAS,ΑΓ ΕΙΡΗΝΗ ΛΕΥΚΩΣΙΑΣ,1,632,32.9689,34.9849,26346,
AG_EPIFANIOS_OREINIS.kml,AG EPIFANIOS OREINIS,1,206,1206,AG EPIFANIOS OREINIS,ΑΓ ΕΠΙΦΑΝΙΟΣ ΟΡΕΙΝΗΣ,1,882,33.1162,35.0004,35782,
AG_EPIFANIOS_SOLEAS.kml,AG. EPIFANIOS SOLEAS,1,414,1414,AG. EPIFANIOS SOLEAS,ΑΓ. ΕΠΙΦΑΝΙΟΣ ΣΟΛΕΑΣ,1,681,32.8699,35.0623,28175,
AG_GEORGIOS_AMMOCHOS.kml,AG GEORGIOS AMMOCHOS,3,132,3132,AG GEORGIOS AMMOCHOS,ΑΓ ΓΕΩΡΓΙΟΣ ΑΜΜΟΧΩΣ,1,822,33.8616,35.2538,33530,
AG_GEORGIOS_KAFKAL.kml,AG GEORGIOS KAFKAL.,1,321,1321,AG GEORGIOS KAFKAL.,ΑΓ ΓΕΩΡΓΙΟΣ ΚΑΥΚΑΛ.,1,880,33.0036,35.0408,35711,
AG_GEORGIOS_LEMESOU.kml,AG GEORGIOS LEMESOU,5,310,5310,AG GEORGIOS LEMESOU,ΑΓ ΓΕΩΡΓΙΟΣ ΛΕΜΕΣΟΥ,1,595,32.8972,34.8034,24922,
AG_GEORGIOS_SOLEAS.kml,AG. GEORGIOS SOLEAS,1,431,1431,AG. GEORGIOS SOLEAS,ΑΓ. ΓΕΩΡΓΙΟΣ ΣΟΛΕΑΣ,1,586,32.8872,35.1098,24594,
AG_IOANNIS_LEMESOU.kml,AG IOANNIS LEMESOU,5,361,5361,AG IOANNIS LEMESOU,ΑΓ ΙΩΑΝΝΗΣ ΛΕΜΕΣΟΥ,1,806,33.0145,34.8931,32883,
AG_MARINA_SKYLLOURAS.kml,AG MARINA SKYLLOURAS,1,246,1246,AG MARINA SKYLLOURAS,ΑΓ ΜΑΡΙΝΑ ΣΚΥΛΛΟΥΡΑΣ,1,701,33.1281,35.23,28964,
AG_NIKOLAOS_SOLEAS.kml,AG. NIKOLAOS SOLEAS,1,430,1430,AG. NIKOLAOS SOLEAS,ΑΓ. ΝΙΚΟΛΑΟΣ ΣΟΛΕΑΣ,1,423,32.8728,35.101,18451,
AG_THEODOROS_LEMESOU.kml,AG THEODOROS LEMESOU,5,360,5360,AG THEODOROS LEMESOU,ΑΓ ΘΕΟΔΩΡΟΣ ΛΕΜΕΣΟΥ,1,795,33.0409,34.8949,32501,
AG_THEODOROS_SOLEAS.kml,AG. THEODOROS SOLEAS,1,405,1405,AG. THEODOROS SOLEAS,ΑΓ. ΘΕΟΔΩΡΟΣ ΣΟΛΕΑΣ,1,940,32.9329,35.0311,37973,
AG_THEODOROS_TILLIR.kml,AG THEODOROS TILLIR.,1,466,1466,AG THEODOROS TILLIR.,ΑΓ ΘΕΟΔΩΡΟΣ ΤΙΛΛΙΡ.,1,1613,32.6345,35.1597,63440,
AIGIALOUSA.kml,AIGIALOUSA,3,352,3352,AIGIALOUSA,ΑΙΓΙΑΛΟΥΣΑ,1,3365,34.2314,35.5462,129481,
AKAKI.kml,AKAKI,1,360,1360,AKAKI,ΑΚΑΚΙ,1,1200,33.1321,35.1403,47732,
AKAMAS_AKOURSOS.kml,"AKAMAS, AKOURSOS",6,130,6130,"AKAMAS, AKOURSOS","ΑΚΑΜΑΣ, ΑΚΟΥΡΣΟΣ",1,641,32.4211,34.8808,26677,
AKAMAS_INEIA.kml,"AKAMAS, INEIA",6,352,6352,"AKAMAS, INEIA","ΑΚΑΜΑΣ, ΙΝΕΙΑ",1,1764,32.3348,34.966,69083,
AKAMAS_KATHIKAS.kml,"AKAMAS, KATHIKAS",6,132,6132,"AKAMAS, KATHIKAS","ΑΚΑΜΑΣ, ΚΑΘΙΚΑΣ",1,1347,32.4074,34.9082,53364,
AKAMAS_KATO_ARODES.kml,"AKAMAS, KATO ARODES",6,350,6350,"AKAMAS, KATO ARODES","ΑΚΑΜΑΣ, ΚΑΤΩ ΑΡΟΔΕΣ",1,1086,32.3764,34.9419,43471,
AKAMAS_KISSONERGA.kml,"AKAMAS, KISSONERGA",6,27,6027,"AKAMAS, KISSONERGA","ΑΚΑΜΑΣ, ΚΙΣΣΟΝΕΡΓΑ",1,764,32.3998,34.8354,31335,
AKAMAS_PANO_ARODES.kml,"AKAMAS, PANO ARODES",6,351,6351,"AKAMAS, PANO ARODES","ΑΚΑΜΑΣ, ΠΑΝΩ ΑΡΟΔΕΣ",1,982,32.3943,34.927,39538,
AKAMAS_PEGEIA.kml,"AKAMAS, PEGEIA",6,133,6133,"AKAMAS, PEGEIA","ΑΚΑΜΑΣ, ΠΕΓΕΙΑ",4,6092,32.3433,34.8827,233289,
AKAPNOU.kml,AKAPNOU,5,137,5137,AKAPNOU,ΑΚΑΠΝΟΥ,1,639,33.1909,34.8422,26555,
ALAMINOS.kml,ALAMINOS,4,121,4121,ALAMINOS,ΑΛΑΜΙΝΟΣ,1,855,33.4502,34.7965,34688,
ALASSA.kml,ALASSA,5,302,5302,ALASSA,ΑΛΑΣΣΑ,1,782,32.9247,34.7577,31978,
ALEKTORA.kml,ALEKTORA,5,225,5225,ALEKTORA,ΑΛΕΚΤΟΡΑ,1,812,32.668,34.7062,33086,
ALETHRIKO.kml,ALETHRIKO,4,125,4125,ALETHRIKO,ΑΛΕΘΡΙΚΟ,1,770,33.4923,34.8617,31490,
ALEVGA.kml,ALEVGA,1,459,1459,ALEVGA,ΑΛΕΥΓΑ,1,479,32.6096,35.1531,20484,
ALITHINOU.kml,ALITHINOU,1,308,1308,ALITHINOU,ΑΛΗΘΙΝΟΥ,1,645,33.0316,34.9519,26779,
ALODA.kml,ALODA,3,124,3124,ALODA,ΑΛΟΔΑ,1,435,33.8256,35.2119,18841,
ALONA.kml,ALONA,1,302,1302,ALONA,ΑΛΩΝΑ,1,795,33.0428,34.9327,32411,
AMARGETI.kml,AMARGETI,6,220,6220,AMARGETI,ΑΜΑΡΓΕΤΗ,1,612,32.5841,34.8194,25522,
AMATHOUNTA_AGIOS_TYCHONAS.kml,"AMATHOUNTA, AGIOS TYCHONAS",5,124,5124,"AMATHOUNTA, AGIOS TYCHONAS","ΑΜΑΘΟΥΝΤΑ, ΑΓΙΟΣ ΤΥΧΩΝΑΣ",1,802,33.1342,34.7222,32804,
AMATHOUNTA_AG_ATHANASIOS.kml,"AMATHOUNTA, AG. ATHANASIOS",5,12,5012,"AMATHOUNTA, AG. ATHANASIOS","ΑΜΑΘΟΥΝΤΑ, ΑΓ. ΑΘΑΝΑΣΙΟΣ",1,974,33.0571,34.7199,39294,
AMATHOUNTA_AKROUNTA.kml,"AMATHOUNTA, AKROUNTA",5,123,5123,"AMATHOUNTA, AKROUNTA","ΑΜΑΘΟΥΝΤΑ, ΑΚΡΟΥΝΤΑ",1,580,33.0773,34.761,24373,
AMATHOUNTA_ARMENOCHORI.kml,"AMATHOUNTA, ARMENOCHORI",5,121,5121,"AMATHOUNTA, ARMENOCHORI","ΑΜΑΘΟΥΝΤΑ, ΑΡΜΕΝΟΧΩΡΙ",1,538,33.124,34.7432,22809,
AMATHOUNTA_FOINIKARIA.kml,"AMATHOUNTA, FOINIKARIA",5,122,5122,"AMATHOUNTA, FOINIKARIA","ΑΜΑΘΟΥΝΤΑ, ΦΟΙΝΙΚΑΡΙΑ",1,477,33.1052,34.7498,20487,
AMATHOUNTA_GERMASOGEIA.kml,"AMATHOUNTA, GERMASOGEIA",5,13,5013,"AMATHOUNTA, GERMASOGEIA","ΑΜΑΘΟΥΝΤΑ, ΓΕΡΜΑΣΟΓΕΙΑ",1,1403,33.0838,34.7186,55476,
AMATHOUNTA_MATHIKOLONI.kml,"AMATHOUNTA, MATHIKOLONI",5,104,5104,"AMATHOUNTA, MATHIKOLONI","ΑΜΑΘΟΥΝΤΑ, ΜΑΘΙΚΟΛΩΝΗ",1,742,33.056,34.7674,30509,
AMATHOUNTA_MOUTTAGIAKA.kml,"AMATHOUNTA, MOUTTAGIAKA",5,120,5120,"AMATHOUNTA, MOUTTAGIAKA","ΑΜΑΘΟΥΝΤΑ, ΜΟΥΤΤΑΓΙΑΚΑ",1,456,33.1046,34.7203,19714,
AMIANTOS.kml,AMIANTOS,5,355,5355,AMIANTOS,ΑΜΙΑΝΤΟΣ,1,1035,32.9268,34.9298,41518,
AMMADIES.kml,AMMADIES,1,455,1455,AMMADIES,ΑΜΜΑΔΙΕΣ,1,630,32.7108,35.1702,26221,
AMPELIKOU.kml,AMPELIKOU,1,436,1436,AMPELIKOU,ΑΜΠΕΛΙΚΟΥ,1,1046,32.8042,35.1037,41929,
ANADIOU.kml,ANADIOU,6,311,6311,ANADIOU,ΑΝΑΔΙΟΥ,1,722,32.5605,34.9568,29649,
ANAFOTIDA.kml,ANAFOTIDA,4,122,4122,ANAFOTIDA,ΑΝΑΦΩΤΙΔΑ,1,748,33.4628,34.8093,30678,
ANAGEIA.kml,ANAGEIA,1,231,1231,ANAGEIA,ΑΝΑΓΕΙΑ,1,623,33.2428,35.0775,25957,
ANALIONTAS.kml,ANALIONTAS,1,222,1222,ANALIONTAS,ΑΝΑΛΙΟΝΤΑΣ,1,972,33.2909,35.0082,39163,
ANARITA.kml,ANARITA,6,107,6107,ANARITA,ΑΝΑΡΙΤΑ,1,595,32.5393,34.748,24904,
ANATOLIKI_PAFOS_ACHELEIA.kml,"ANATOLIKI PAFOS, ACHELEIA",6,14,6014,"ANATOLIKI PAFOS, ACHELEIA","ΑΝΑΤΟΛΙΚΗ ΠΑΦΟΣ, ΑΧΕΛΕΙΑ",1,351,32.4795,34.7306,15746,
ANATOLIKI_PAFOS_AG_MARINOUDA.kml,"ANATOLIKI PAFOS, AG. MARINOUDA",6,12,6012,"ANATOLIKI PAFOS, AG. MARINOUDA","ΑΝΑΤΟΛΙΚΗ ΠΑΦΟΣ, ΑΓ. ΜΑΡΙΝΟΥΔΑ",1,277,32.4741,34.7608,12987,
ANATOLIKI_PAFOS_GEROSKIPOU.kml,"ANATOLIKI PAFOS, GEROSKIPOU",6,10,6010,"ANATOLIKI PAFOS, GEROSKIPOU","ΑΝΑΤΟΛΙΚΗ ΠΑΦΟΣ, ΓΕΡΟΣΚΗΠΟΥ",1,759,32.4547,34.7543,31170,
ANATOLIKI_PAFOS_KONIA.kml,"ANATOLIKI PAFOS, KONIA",6,11,6011,"ANATOLIKI PAFOS, KONIA","ΑΝΑΤΟΛΙΚΗ ΠΑΦΟΣ, ΚΟΝΙΑ",1,615,32.4599,34.7826,25688,
ANATOLIKI_PAFOS_TIMI.kml,"ANATOLIKI PAFOS, TIMI",6,104,6104,"ANATOLIKI PAFOS, TIMI","ΑΝΑΤΟΛΙΚΗ ΠΑΦΟΣ, ΤΙΜΗ",1,450,32.5103,34.7254,19482,
ANGASTINA.kml,ANGASTINA,3,233,3233,ANGASTINA,ΑΓΓΑΣΤΙΝΑ,1,1100,33.5834,35.2138,43950,
ANGLISIDES.kml,ANGLISIDES,4,127,4127,ANGLISIDES,ΑΓΓΛΙΣΙΔΕΣ,1,603,33.463,34.8521,25192,
ANGOLEMI.kml,ANGOLEMI,1,443,1443,ANGOLEMI,ΑΓΓΟΛΕΜΙ,1,636,32.9449,35.1121,26429,
ANOGYRA.kml,ANOGYRA,5,226,5226,ANOGYRA,ΑΝΩΓΥΡΑ,1,923,32.7272,34.741,37273,
APESIA.kml,APESIA,5,107,5107,APESIA,ΑΠΕΣΙΑ,1,527,32.9759,34.7819,22330,
APLANTA.kml,APLANTA,4,123,4123,APLANTA,ΑΠΛΑΝΤΑ,1,319,33.4817,34.828,14452,
APLIKI.kml,APLIKI,1,202,1202,APLIKI,ΑΠΛΙΚΙ,1,512,33.115,34.9208,21752,
APSIOU.kml,APSIOU,5,106,5106,APSIOU,ΑΨΙΟΥ,1,608,33.0205,34.7877,25362,
ARADIPPOU_ARADIPPOU.kml,"ARADIPPOU, ARADIPPOU",4,10,4010,"ARADIPPOU, ARADIPPOU","ΑΡΑΔΙΠΠΟΥ, ΑΡΑΔΙΠΠΟΥ",1,1725,33.5816,34.9506,67632,
ARADIPPOU_KELLIA.kml,"ARADIPPOU, KELLIA",4,100,4100,"ARADIPPOU, KELLIA","ΑΡΑΔΙΠΠΟΥ, ΚΕΛΛΙΑ",1,468,33.6181,34.9822,20136,
ARADIPPOU_TROULLOI.kml,"ARADIPPOU, TROULLOI",4,101,4101,"ARADIPPOU, TROULLOI","ΑΡΑΔΙΠΠΟΥ, ΤΡΟΥΛΛΟΙ",1,700,33.6155,35.0219,28927,
ARAKAPAS.kml,ARAKAPAS,5,141,5141,ARAKAPAS,ΑΡΑΚΑΠΑΣ,1,779,33.1072,34.8502,31835,
ARDANA.kml,ARDANA,3,313,3313,ARDANA,ΑΡΔΑΝΑ,1,1690,33.8991,35.3378,66265,
AREDIOU.kml,AREDIOU,1,210,1210,AREDIOU,ΑΡΕΔΙΟΥ,1,972,33.2039,35.0536,39132,
ARGAKI.kml,ARGAKI,1,365,1365,ARGAKI,ΑΡΓΑΚΙ,1,420,33.0328,35.1931,18248,
ARMINOU.kml,ARMINOU,6,217,6217,ARMINOU,ΑΡΜΙΝΟΥ,1,496,32.7197,34.8681,21137,
ARMOU.kml,ARMOU,6,111,6111,ARMOU,ΑΡΜΟΥ,1,926,32.485,34.7965,37379,
ARNADI.kml,ARNADI,3,131,3131,ARNADI,ΑΡΝΑΔΙ,1,473,33.843,35.2362,20275,
ARSOS_LARNAKAS.kml,ARSOS LARNAKAS,4,205,4205,ARSOS LARNAKAS,ΑΡΣΟΣ ΛΑΡΝΑΚΑΣ,1,686,33.6342,35.0794,28356,
ARSOS_LEMESOU.kml,ARSOS LEMESOU,5,322,5322,ARSOS LEMESOU,ΑΡΣΟΣ ΛΕΜΕΣΟΥ,1,1124,32.7661,34.8395,44879,
ARTEMI.kml,ARTEMI,3,300,3300,ARTEMI,ΑΡΤΕΜΙ,1,722,33.719,35.3231,29688,
ASGATA.kml,ASGATA,5,130,5130,ASGATA,ΑΣΓΑΤΑ,1,925,33.2494,34.772,37361,
ASKAS.kml,ASKAS,1,301,1301,ASKAS,ΑΣΚΑΣ,1,1186,33.0848,34.9439,47226,
ASKEIA_ASSEIA.kml,ASKEIA (ASSEIA),3,231,3231,ASKEIA (ASSEIA),ΑΣΚΕΙΑ (ΑΣΣΕΙΑ),1,929,33.608,35.154,37544,
ASOMATOS.kml,ASOMATOS,2,123,2123,ASOMATOS,ΑΣΩΜΑΤΟΣ,1,1113,33.0848,35.2675,44443,
ASPROGIA.kml,ASPROGIA,6,231,6231,ASPROGIA,ΑΣΠΡΟΓΙΑ,1,832,32.6073,34.9368,33853,
ASTROMERITIS.kml,ASTROMERITIS,1,362,1362,ASTROMERITIS,ΑΣΤΡΟΜΕΡΙΤΗΣ,1,933,33.0301,35.1287,37671,
ATHIENOU_ATHIENOU.kml,"ATHIENOU, ATHIENOU",4,202,4202,"ATHIENOU, ATHIENOU","ΑΘΗΕΝΟΥ, ΑΘΗΕΝΟΥ",1,1696,33.5261,35.0625,66518,
ATHIENOU_AVDELLERO.kml,"ATHIENOU, AVDELLERO",4,103,4103,"ATHIENOU, AVDELLERO","ΑΘΗΕΝΟΥ, ΑΒΔΕΛΛΕΡΟ",1,1006,33.5616,35.0059,40459,
AVDIMOU.kml,AVDIMOU,5,222,5222,AVDIMOU,ΑΥΔΗΜΟΥ,1,644,32.7586,34.6804,26737,
AVGOLIDA.kml,AVGOLIDA,3,324,3324,AVGOLIDA,ΑΥΓΟΛΙΔΑ,1,404,33.9575,35.3538,17686,
AVLONA.kml,AVLONA,1,363,1363,AVLONA,ΑΥΛΩΝΑ,1,345,33.108,35.1629,15457,
AXYLOU.kml,AXYLOU,6,115,6115,AXYLOU,ΑΞΥΛΟΥ,1,614,32.5549,34.805,25603,
BELAPAIS.kml,BELAPAIS,2,206,2206,BELAPAIS,ΜΠΕΛΑΠΑΪΣ,1,932,33.3541,35.3068,37651,
BE_KIO.kml,BEΪKIOΪ,1,141,1141,BEΪKIOΪ,ΜΠΕΪΚΙΟΪ,1,670,33.5063,35.2459,27713,
BOGAZI.kml,BOGAZI,3,320,3320,BOGAZI,ΜΠΟΓΑΖΙ,1,231,33.9532,35.3148,11148,
CHANDRIA.kml,CHANDRIA,5,368,5368,CHANDRIA,ΧΑΝΔΡΙΑ,1,321,32.9922,34.9407,14551,
CHARKEIA.kml,CHARKEIA,2,202,2202,CHARKEIA,ΧΑΡΚΕΙΑ,1,880,33.5306,35.3173,35644,
CHLORAKAS.kml,CHLORAKAS,6,20,6020,CHLORAKAS,ΧΛΩΡΑΚΑΣ,1,1251,32.4012,34.7954,49661,
CHOIROKOITIA.kml,CHOIROKOITIA,4,304,4304,CHOIROKOITIA,ΧΟΙΡΟΚΟΙΤΙΑ,1,824,33.3438,34.7982,33569,
CHOLETRIA.kml,CHOLETRIA,6,114,6114,CHOLETRIA,ΧΟΛΕΤΡΙΑ,1,373,32.5946,34.7654,16492,
CHOLI.kml,CHOLI,6,338,6338,CHOLI,ΧΟΛΗ,1,609,32.4536,34.9812,25400,
CHOULOU.kml,CHOULOU,6,129,6129,CHOULOU,ΧΟΥΛΟΥ,1,734,32.5565,34.8726,30130,
DAVLOS.kml,DAVLOS,3,328,3328,DAVLOS,ΔΑΥΛΟΣ,4,949,33.9135,35.4255,38934,
DENEIA.kml,DENEIA,1,242,1242,DENEIA,ΔΕΝΕΙΑ,1,733,33.1475,35.1785,30113,
DIERONA.kml,DIERONA,5,140,5140,DIERONA,ΔΙΕΡΩΝΑ,1,683,33.1078,34.8275,28228,
DIMOS_AKANTHOU.kml,DIMOS AKANTHOU,3,304,3304,DIMOS AKANTHOU,ΔΗΜΟΣ ΑΚΑΝΘΟΥ,1,2124,33.7579,35.3921,82684,
DIMOS_AMMOCHOSTOU.kml,DIMOS AMMOCHOSTOU,3,0,3000,DIMOS AMMOCHOSTOU,ΔΗΜΟΣ ΑΜΜΟΧΩΣΤΟΥ,12,5227,33.9476,35.123,202350,
DIMOS_KARAVA.kml,DIMOS KARAVA,2,217,2217,DIMOS KARAVA,ΔΗΜΟΣ ΚΑΡΑΒΑ,3,1696,33.216,35.339,66949,
DIMOS_KERYNEIAS.kml,DIMOS KERYNEIAS,2,0,2000,DIMOS KERYNEIAS,ΔΗΜΟΣ ΚΕΡΥΝΕΙΑΣ,3,1701,33.3156,35.3377,67162,
DIMOS_KYTHREAS.kml,DIMOS KYTHREAS,1,139,1139,DIMOS KYTHREAS,ΔΗΜΟΣ ΚΥΘΡΕΑΣ,1,1893,33.4865,35.2559,73953,
DIMOS_LAPITHOU.kml,DIMOS LAPITHOU,2,222,2222,DIMOS LAPITHOU,ΔΗΜΟΣ ΛΑΠΗΘΟΥ,1,969,33.1654,35.3448,39014,
DIMOS_LEFKONOIKOU.kml,DIMOS LEFKONOIKOU,3,221,3221,DIMOS LEFKONOIKOU,ΔΗΜΟΣ ΛΕΥΚΟΝΟΙΚΟΥ,1,1550,33.736,35.2677,60971,
DIMOS_LYSIS.kml,DIMOS LYSIS,3,202,3202,DIMOS LYSIS,ΔΗΜΟΣ ΛΥΣΗΣ,1,1742,33.7113,35.1083,68206,
DIMOS_MORFOU.kml,DIMOS MORFOU,1,340,1340,DIMOS MORFOU,ΔΗΜΟΣ ΜΟΡΦΟΥ,1,1605,32.9798,35.2214,63047,
DIORIOS.kml,DIORIOS,2,127,2127,DIORIOS,ΔΙΟΡΙΟΣ,1,1622,33.0301,35.3017,63671,
DORA.kml,DORA,5,320,5320,DORA,ΔΩΡΑ,1,981,32.7282,34.7795,39475,
DOROS.kml,DOROS,5,311,5311,DOROS,ΔΩΡΟΣ,1,812,32.9248,34.7989,33093,
DROMOLAXIA_MENEOU_D_XIA_MENEOU.kml,"DROMOLAXIA-MENEOU,D/XIA-MENEOU",4,14,4014,"DROMOLAXIA-MENEOU,D/XIA-MENEOU","ΔΡΟΜΟΛΑΞΙΑ-ΜΕΝΕΟΥ,Δ/ΞΙΑ-ΜΕΝΕΟΥ",1,897,33.594,34.8765,36388,
DROMOLAXIA_MENEOU_KITI.kml,"DROMOLAXIA - MENEOU, KITI",4,110,4110,"DROMOLAXIA - MENEOU, KITI","ΔΡΟΜΟΛΑΞΙΑ - ΜΕΝΕΟΥ, ΚΙΤΙ",1,485,33.5731,34.8459,20815,
DROMOLAXIA_MENEOU_PERIVOLIA.kml,"DROMOLAXIA - MENEOU, PERIVOLIA",4,111,4111,"DROMOLAXIA - MENEOU, PERIVOLIA","ΔΡΟΜΟΛΑΞΙΑ - ΜΕΝΕΟΥ, ΠΕΡΙΒΟΛΙΑ",1,445,33.589,34.8307,19328,
DROMOLAXIA_MENEOU_TERSEFANOU.kml,"DROMOLAXIA - MENEOU,TERSEFANOU",4,112,4112,"DROMOLAXIA - MENEOU,TERSEFANOU","ΔΡΟΜΟΛΑΞΙΑ - ΜΕΝΕΟΥ,ΤΕΡΣΕΦΑΝΟΥ",1,431,33.5496,34.8597,18794,
DRYMOU.kml,DRYMOU,6,308,6308,DRYMOU,ΔΡΥΜΟΥ,1,641,32.501,34.9226,26615,
DYMES.kml,DYMES,5,364,5364,DYMES,ΔΥΜΕΣ,1,740,32.9599,34.9278,30358,
DYO_POTAMOI.kml,DYO POTAMOI,1,249,1249,DYO POTAMOI,ΔΥΟ ΠΟΤΑΜΟΙ,1,327,33.084,35.2471,14766,
EGKOMI.kml,EGKOMI,3,120,3120,EGKOMI,ΕΓΚΩΜΗ,1,638,33.8869,35.1575,26518,
ELEDIO.kml,ELEDIO,6,116,6116,ELEDIO,ΕΛΕΔΙΟ,1,552,32.5613,34.8133,23247,
ELIA.kml,ELIA,2,216,2216,ELIA,ΕΛΙΑ,1,392,33.219,35.3387,17208,
ELIA_LEFKOSIAS.kml,ELIA LEFKOSIAS,1,438,1438,ELIA LEFKOSIAS,ΕΛΙΑ ΛΕΥΚΩΣΙΑΣ,1,749,32.9204,35.144,30759,
EMBA.kml,EMBA,6,22,6022,EMBA,ΕΜΠΑ,1,488,32.4251,34.807,20829,
EPICHO.kml,EPICHO,1,135,1135,EPICHO,ΕΠΙΧΟ,1,1596,33.5228,35.2331,62675,
EPISKOPEIO.kml,EPISKOPEIO,1,228,1228,EPISKOPEIO,ΕΠΙΣΚΟΠΕΙΟ,1,662,33.2292,35.0395,27428,
EPISKOPI_PAFOU.kml,EPISKOPI PAFOU,6,112,6112,EPISKOPI PAFOU,ΕΠΙΣΚΟΠΗ ΠΑΦΟΥ,1,742,32.5285,34.7952,30480,
EPTAGONEIA.kml,EPTAGONEIA,5,138,5138,EPTAGONEIA,ΕΠΤΑΓΩΝΕΙΑ,1,828,33.1517,34.8432,33693,
EPTAKOMI.kml,EPTAKOMI,3,338,3338,EPTAKOMI,ΕΠΤΑΚΩΜΗ,1,1583,34.0341,35.4535,62192,
ERGATES.kml,ERGATES,1,230,1230,ERGATES,ΕΡΓΑΤΕΣ,1,1035,33.2307,35.0675,41512,
EVRETOU.kml,EVRETOU,6,313,6313,EVRETOU,ΕΥΡΕΤΟΥ,1,587,32.4846,34.9606,24587,
EVRYCHOU.kml,EVRYCHOU,1,411,1411,EVRYCHOU,ΕΥΡΥΧΟΥ,1,1378,32.9144,35.062,54468,
EXO_METOCHI.kml,EXO METOCHI,1,134,1134,EXO METOCHI,ΕΞΩ ΜΕΤΟΧΙ,1,1052,33.5363,35.2017,42148,
FARMAKAS.kml,FARMAKAS,1,201,1201,FARMAKAS,ΦΑΡΜΑΚΑΣ,1,1876,33.139,34.9217,73301,
FASLI.kml,FASLI,6,354,6354,FASLI,ΦΑΣΛΙ,1,496,32.3606,34.9884,21123,
FASOULA_LEMESOU.kml,FASOULA LEMESOU,5,103,5103,FASOULA LEMESOU,ΦΑΣΟΥΛΑ ΛΕΜΕΣΟΥ,1,1026,33.0308,34.756,41161,
FASOULA_PAFOU.kml,FASOULA PAFOU,6,201,6201,FASOULA PAFOU,ΦΑΣΟΥΛΑ ΠΑΦΟΥ,1,508,32.6315,34.7539,21630,
FIKARDOU.kml,FIKARDOU,1,205,1205,FIKARDOU,ΦΙΚΑΡΔΟΥ,1,921,33.181,34.9758,37193,
FILOUSA_CHRYSOCHOUS.kml,FILOUSA CHRYSOCHOUS,6,315,6315,FILOUSA CHRYSOCHOUS,ΦΙΛΟΥΣΑ ΧΡΥΣΟΧΟΥΣ,1,778,32.5031,34.9655,31854,
FILOUSA_KELOKEDARON.kml,FILOUSA KELOKEDARON,6,216,6216,FILOUSA KELOKEDARON,ΦΙΛΟΥΣΑ ΚΕΛΟΚΕΔΑΡΩΝ,1,354,32.7369,34.8551,15843,
FLAMOUDI.kml,FLAMOUDI,3,314,3314,FLAMOUDI,ΦΛΑΜΟΥΔΙ,2,896,33.8488,35.4044,36510,
FLASOU.kml,FLASOU,1,412,1412,FLASOU,ΦΛΑΣΟΥ,1,1180,32.8966,35.0654,46961,
FOINI.kml,FOINI,5,352,5352,FOINI,ΦΟΙΝΙ,1,511,32.8114,34.8967,21683,
FOINIKAS.kml,FOINIKAS,6,108,6108,FOINIKAS,ΦΟΙΝΙΚΑΣ,1,397,32.5682,34.748,17422,
FOTA.kml,FOTA,2,110,2110,FOTA,ΦΟΤΑ,1,905,33.2242,35.2528,36588,
FRODISIA.kml,FRODISIA,1,465,1465,FRODISIA,ΦΡΟΔΙΣΙΑ,1,1620,32.6709,35.0857,63602,
FTERICHA.kml,FTERICHA,2,212,2212,FTERICHA,ΦΤΕΡΙΧΑ,1,405,33.2241,35.3206,17710,
FTERIKOUDI.kml,FTERIKOUDI,1,303,1303,FTERIKOUDI,ΦΤΕΡΙΚΟΥΔΙ,1,883,33.0737,34.9625,35783,
FYLLIA.kml,FYLLIA,1,367,1367,FYLLIA,ΦΥΛΛΙΑ,1,477,33.105,35.1985,20442,
FYTI.kml,FYTI,6,306,6306,FYTI,ΦΥΤΗ,1,582,32.5428,34.9319,24370,
F_LEIA.kml,FΑLEIA,6,223,6223,FΑLEIA,ΦΑΛΕΙΑ,1,500,32.5861,34.8572,21282,
GAIDOURAS_NEA_SPARTI.kml,GAIDOURAS-NEA SPARTI,3,210,3210,GAIDOURAS-NEA SPARTI,ΓΑΪΔΟΥΡΑΣ-ΝΕΑ ΣΠΑΡΤΗ,1,391,33.8117,35.1474,17242,
GALATA.kml,GALATA,1,406,1406,GALATA,ΓΑΛΑΤΑ,1,865,32.8888,34.9962,35052,
GALATARIA.kml,GALATARIA,6,224,6224,GALATARIA,ΓΑΛΑΤΑΡΙΑ,1,428,32.6408,34.8667,18585,
GALATEIA.kml,GALATEIA,3,337,3337,GALATEIA,ΓΑΛΑΤΕΙΑ,1,1570,34.078,35.4268,61752,
GALINI.kml,GALINI,1,451,1451,GALINI,ΓΑΛΗΝΗ,1,820,32.7827,35.1343,33407,
GALINOPORNI.kml,GALINOPORNI,3,355,3355,GALINOPORNI,ΓΑΛΗΝΟΠOΡΝΗ,1,1244,34.315,35.5287,49420,
GASTRIA.kml,GASTRIA,3,323,3323,GASTRIA,ΓΑΣΤΡΙΑ,2,811,33.9864,35.3347,33270,
GENAGRA.kml,GENAGRA,3,218,3218,GENAGRA,ΓΕΝΑΓΡΑ,1,856,33.6932,35.2097,34763,
GERAKIES.kml,GERAKIES,1,425,1425,GERAKIES,ΓΕΡΑΚΙΕΣ,1,1458,32.7894,35.017,57500,
GERANI.kml,GERANI,3,326,3326,GERANI,ΓΕΡΑΝΙ,1,1156,33.9221,35.3573,46064,
GERASA.kml,GERASA,5,105,5105,GERASA,ΓΕΡΑΣΑ,1,441,32.9926,34.8025,19047,
GEROLAKKOS.kml,GEROLAKKOS,1,245,1245,GEROLAKKOS,ΓΕΡΟΛΑΚΚΟΣ,1,2269,33.2524,35.1987,88123,
GEROVASA.kml,GEROVASA,5,321,5321,GEROVASA,ΓΕΡΟΒΑΣΑ,1,430,32.736,34.8148,18663,
GIOLOU.kml,GIOLOU,6,331,6331,GIOLOU,ΓΙΟΛΟΥ,1,886,32.4784,34.9295,35870,
GOUDI.kml,GOUDI,6,345,6345,GOUDI,ΓΟΥΔΙ,1,589,32.4459,34.9921,24655,
GOUFES.kml,GOUFES,3,224,3224,GOUFES,ΓΟΥΦΕΣ,1,253,33.6943,35.277,11945,
GOURRI.kml,GOURRI,1,204,1204,GOURRI,ΓΟΥΡΡΗ,1,1789,33.1596,34.9562,69995,
GYPSOU.kml,GYPSOU,3,220,3220,GYPSOU,ΓΥΨΟΥ,1,1175,33.7913,35.2872,46755,
KAKOPETRIA.kml,KAKOPETRIA,1,404,1404,KAKOPETRIA,ΚΑΚΟΠΕΤΡΙΑ,1,1569,32.9098,34.9585,61662,
KALAVASOS.kml,KALAVASOS,4,302,4302,KALAVASOS,ΚΑΛΑΒΑΣΟΣ,1,983,33.2942,34.7659,39562,
KALIANA.kml,KALIANA,1,408,1408,KALIANA,ΚΑΛΙΑΝΑ,1,613,32.8748,35.0049,25560,
KALLEPEIA.kml,KALLEPEIA,6,124,6124,KALLEPEIA,ΚΑΛΛΕΠΕΙΑ,1,1157,32.5112,34.8343,46109,
KALOGRAIA.kml,KALOGRAIA,2,200,2200,KALOGRAIA,ΚΑΛΟΓΡΑΙΑ,1,737,33.6337,35.3442,30267,
KALOPANAGIOTIS.kml,KALOPANAGIOTIS,1,424,1424,KALOPANAGIOTIS,ΚΑΛΟΠΑΝΑΓΙΩΤΗΣ,1,2275,32.8301,35.0193,88385,
KALOPSIDA.kml,KALOPSIDA,3,113,3113,KALOPSIDA,ΚΑΛΟΨΙΔΑ,1,656,33.7987,35.0979,27215,
KALO_CHORIO_KAPOUTI.kml,KALO CHORIO KAPOUTI,1,357,1357,KALO CHORIO KAPOUTI,ΚΑΛΟ ΧΩΡΙΟ ΚΑΠΟΥΤΗ,1,1209,33.0286,35.2483,48151,
KALO_CHORIO_LARNAKAS.kml,KALO CHORIO LARNAKAS,4,210,4210,KALO CHORIO LARNAKAS,ΚΑΛΟ ΧΩΡΙΟ ΛΑΡΝΑΚΑΣ,1,775,33.5356,34.9198,31741,
KALO_CHORIO_LEMESOU.kml,KALO CHORIO LEMESOU,5,146,5146,KALO CHORIO LEMESOU,ΚΑΛΟ ΧΩΡΙΟ ΛΕΜΕΣΟΥ,1,1300,33.0321,34.8467,51617,
KALO_CHORIO_OREINIS.kml,KALO CHORIO OREINIS,1,207,1207,KALO CHORIO OREINIS,ΚΑΛΟ ΧΩΡΙΟ ΟΡΕΙΝΗΣ,1,1138,33.158,35.0036,45446,
KALO_CHORIO_SOLEAS.kml,KALO CHORIO SOLEAS,1,433,1433,KALO CHORIO SOLEAS,ΚΑΛΟ ΧΩΡΙΟ ΣΟΛΕΑΣ,1,609,32.8723,35.1181,25469,
KALYVAKIA.kml,KALYVAKIA,1,143,1143,KALYVAKIA,ΚΑΛΥΒΑΚΙΑ,1,1359,33.5406,35.2575,53735,
KAMINARIA.kml,KAMINARIA,5,343,5343,KAMINARIA,ΚΑΜΙΝΑΡΙΑ,1,570,32.7813,34.9283,23937,
KAMPI.kml,KAMPI,1,200,1200,KAMPI,ΚΑΜΠΙ,1,1180,33.1272,34.9031,46980,
KAMPIA.kml,KAMPIA,1,223,1223,KAMPIA,ΚΑΜΠΙΑ,1,1192,33.2475,34.995,47445,
KAMPOS.kml,KAMPOS,1,427,1427,KAMPOS,ΚΑΜΠΟΣ,1,2070,32.727,35.0496,80608,
KAMPYLI.kml,KAMPYLI,2,124,2124,KAMPYLI,ΚΑΜΠΥΛΗ,1,882,33.105,35.3052,35705,
KANLI.kml,KANLI,1,250,1250,KANLI,ΚΑΝΛΙ,1,768,33.2559,35.2359,31412,
KANNAVIA.kml,KANNAVIA,1,403,1403,KANNAVIA,ΚΑΝΝΑΒΙΑ,1,902,32.9819,34.9857,36506,
KANNAVIOU_MELAMIOU.kml,KANNAVIOU - MELAMIOU,6,302,6302,KANNAVIOU - MELAMIOU,ΚΑΝΝΑΒΙΟΥ-ΜΕΛΑΜΙΟΥ,1,504,32.5727,34.9077,21496,
KAPEDES.kml,KAPEDES,1,220,1220,KAPEDES,ΚΑΠΕΔΕΣ,1,1141,33.2638,34.9834,45510,
KAPILEIO.kml,KAPILEIO,5,110,5110,KAPILEIO,ΚΑΠΗΛΕΙΟ,1,619,32.9634,34.8255,25811,
KARAKOUMI.kml,KARAKOUMI,2,209,2209,KARAKOUMI,ΚΑΡΑΚΟΥΜΙ,1,147,33.3419,35.3338,7975,
KARAMOULLIDES.kml,KARAMOULLIDES,6,340,6340,KARAMOULLIDES,ΚΑΡΑΜΟΥΛΛΗΔΕΣ,1,104,32.443,34.9997,6375,
KARAVOSTASI.kml,KARAVOSTASI,1,439,1439,KARAVOSTASI,ΚΑΡΑΒΟΣΤΑΣΙ,1,971,32.8213,35.1415,39134,
KARMI.kml,KARMI,2,211,2211,KARMI,ΚΑΡΜΙ,1,907,33.2704,35.3221,36668,
KARPASEIA.kml,KARPASEIA,2,125,2125,KARPASEIA,ΚΑΡΠΑΣΕΙΑ,1,547,33.0685,35.285,23071,
KATALIONTAS.kml,KATALIONTAS,1,221,1221,KATALIONTAS,ΚΑΤΑΛΙΟΝΤΑΣ,1,537,33.303,34.9919,22728,
KATOKOPIA.kml,KATOKOPIA,1,364,1364,KATOKOPIA,ΚΑΤΩΚΟΠΙΑ,1,424,33.0584,35.1646,18443,
KATO_AKOURDALEIA.kml,KATO AKOURDALEIA,6,334,6334,KATO AKOURDALEIA,ΚΑΤΩ ΑΚΟΥΡΔΑΛΕΙΑ,1,390,32.4567,34.9594,17172,
KATO_DEFTERA.kml,KATO DEFTERA,1,233,1233,KATO DEFTERA,ΚΑΤΩ ΔΕΥΤΕΡΑ,1,1158,33.2851,35.0971,46188,
KATO_DIKOMO.kml,KATO DIKOMO,2,101,2101,KATO DIKOMO,ΚΑΤΩ ΔΙΚΩΜΟ,1,1408,33.3164,35.2582,55613,
KATO_DRYS.kml,KATO DRYS,4,312,4312,KATO DRYS,ΚΑΤΩ ΔΡΥΣ,1,908,33.2939,34.8401,36727,
KATO_KIVIDES.kml,KATO KIVIDES,5,303,5303,KATO KIVIDES,ΚΑΤΩ ΚΙΒΙΔΕΣ,1,340,32.874,34.7662,15280,
KATO_KOUTRAFAS.kml,KATO KOUTRAFAS,1,329,1329,KATO KOUTRAFAS,ΚΑΤΩ ΚΟΥΤΡΑΦΑΣ,1,1401,32.962,35.0936,55350,
KATO_MONI.kml,KATO MONI,1,326,1326,KATO MONI,ΚΑΤΩ ΜΟΝΗ,1,1220,33.0867,35.0604,48526,
KATO_MYLOS.kml,KATO MYLOS,5,362,5362,KATO MYLOS,ΚΑΤΩ ΜΥΛΟΣ,1,396,33.0017,34.8966,17396,
KATO_PLATRES.kml,KATO PLATRES,5,350,5350,KATO PLATRES,ΚΑΤΩ ΠΛΑΤΡΕΣ,1,727,32.8326,34.8798,29904,
KATO_PYRGOS.kml,KATO PYRGOS,1,457,1457,KATO PYRGOS,ΚΑΤΩ ΠΥΡΓΟΣ,1,1413,32.6799,35.1832,55821,
KATO_ZODEIA.kml,KATO ZODEIA,1,351,1351,KATO ZODEIA,ΚΑΤΩ ΖΩΔΕΙΑ,1,854,32.9861,35.1637,34666,
KATYDATA.kml,KATYDATA,1,416,1416,KATYDATA,ΚΑΤΥΔΑΤΑ,1,887,32.8792,35.0867,35936,
KAZAFANI.kml,KAZAFANI,2,207,2207,KAZAFANI,ΚΑΖΑΦΑΝΙ,1,806,33.3536,35.3245,32870,
KAZIVERA.kml,KAZIVERA,1,352,1352,KAZIVERA,ΚΑΖΙΒΕΡΑ,1,369,32.9153,35.1718,16358,
KEDARES.kml,KEDARES,6,213,6213,KEDARES,ΚΕΔΑΡΕΣ,1,551,32.7276,34.8297,23223,
KELLAKI.kml,KELLAKI,5,136,5136,KELLAKI,ΚΕΛΛΑΚΙ,1,536,33.1573,34.8203,22654,
KELOKEDARA.kml,KELOKEDARA,6,210,6210,KELOKEDARA,ΚΕΛΟΚΕΔΑΡΑ,1,687,32.6448,34.8048,28392,
KIADOS_TZIAOS.kml,KIADOS (TZIAOS),3,236,3236,KIADOS (TZIAOS),ΚΙΑΔΟΣ (ΤΖΙΑΟΣ),1,1202,33.6039,35.2615,47857,
KIDASI.kml,KIDASI,6,212,6212,KIDASI,ΚΙΔΑΣΙ,1,516,32.7143,34.8144,21894,
KIOMOURTZOU.kml,KIOMOURTZOU,2,113,2113,KIOMOURTZOU,ΚΙΟΜΟΥΡΤΖΟΥ,1,326,33.2587,35.287,14742,
KIONELI.kml,KIONELI,1,251,1251,KIONELI,ΚΙΟΝΕΛΙ,1,1155,33.2929,35.2249,46053,
KIOS.kml,KIOS,6,316,6316,KIOS,ΚΙΟΣ,1,631,32.5292,34.972,26228,
KISSOUSA.kml,KISSOUSA,5,323,5323,KISSOUSA,ΚΙΣΣΟΥΣΑ,1,322,32.7978,34.8064,14583,
KIVISILI.kml,KIVISILI,4,124,4124,KIVISILI,ΚΙΒΙΣΙΛΙ,1,574,33.5081,34.8267,24098,
KLAVDIA.kml,KLAVDIA,4,126,4126,KLAVDIA,ΚΛΑΥΔΙΑ,1,690,33.5175,34.8921,28466,
KLEPINI.kml,KLEPINI,2,204,2204,KLEPINI,ΚΛΕΠΙΝΗ,1,1465,33.4534,35.3083,57765,
KLIROU.kml,KLIROU,1,209,1209,KLIROU,ΚΛΗΡΟΥ,1,2021,33.1763,35.0127,78752,
KLONARI.kml,KLONARI,5,134,5134,KLONARI,ΚΛΩΝΑΡΙ,1,414,33.1803,34.8289,18057,
KNODARA.kml,KNODARA,3,223,3223,KNODARA,ΚΝΩΔΑΡΑ,1,804,33.6487,35.2658,32756,
KOFINOU.kml,KOFINOU,4,309,4309,KOFINOU,ΚΟΦΙΝΟΥ,1,810,33.4024,34.8337,32995,
KOILANEMOS.kml,KOILANEMOS,3,347,3347,KOILANEMOS,ΚΟΙΛΑΝΕΜΟΣ,1,589,34.1329,35.492,24678,
KOILANI.kml,KOILANI,5,331,5331,KOILANI,ΚΟΙΛΑΝΙ,1,561,32.8536,34.8394,23603,
KOILI.kml,KOILI,6,121,6121,KOILI,ΚΟΙΛΗ,1,917,32.4484,34.8657,37052,
KOILINEIA.kml,KOILINEIA,6,225,6225,KOILINEIA,ΚΟΙΛΙΝΕΙΑ,1,499,32.6454,34.8799,21268,
KOKKINA.kml,KOKKINA,1,464,1464,KOKKINA,ΚΟΚΚΙΝΑ,1,975,32.6031,35.1667,39234,
KOKKINOTRIMITHIA.kml,KOKKINOTRIMITHIA,1,243,1243,KOKKINOTRIMITHIA,ΚΟΚΚΙΝΟΤΡΙΜΙΘΙΑ,1,1354,33.2037,35.1585,53553,
KOMA_TOU_GIALOU.kml,KOMA TOU GIALOU,3,340,3340,KOMA TOU GIALOU,ΚΩΜΑ ΤΟΥ ΓΙΑΛΟΥ,1,1204,34.1199,35.425,47928,
KOMI.kml,KOMI,3,336,3336,KOMI,ΚΩΜΗ,1,1402,33.9919,35.4124,55345,
KONTEA.kml,KONTEA,3,201,3201,KONTEA,ΚΟΝΤΕΑ,1,822,33.7273,35.1081,33471,
KONTEMENOS.kml,KONTEMENOS,2,122,2122,KONTEMENOS,ΚΟΝΤΕΜΕΝΟΣ,1,1075,33.1368,35.2663,43035,
KORAKOU.kml,KORAKOU,1,410,1410,KORAKOU,ΚΟΡΑΚΟΥ,1,1067,32.8782,35.0426,42686,
KORFI.kml,KORFI,5,108,5108,KORFI,ΚΟΡΦΗ,1,726,32.9638,34.7926,29842,
KORMAKITIS.kml,KORMAKITIS,2,129,2129,KORMAKITIS,ΚΟΡΜΑΚΙΤΗΣ,1,2466,32.9779,35.3419,95580,
KORNOKIPOS.kml,KORNOKIPOS,3,237,3237,KORNOKIPOS,ΚΟΡΝΟΚΗΠΟΣ,1,1099,33.5732,35.2599,43930,
KOROVEIA.kml,KOROVEIA,3,354,3354,KOROVEIA,ΚΟΡΟΒΕΙΑ,1,1241,34.2735,35.4985,49306,
KOSI.kml,KOSI,4,217,4217,KOSI,ΚΟΣΗ,1,619,33.5113,34.9771,25776,
KOTSIATIS.kml,KOTSIATIS,1,104,1104,KOTSIATIS,ΚΟΤΣΙΑΤΗΣ,1,570,33.3451,35.0123,23967,
KOUKA.kml,KOUKA,5,317,5317,KOUKA,ΚΟΥΚΑ,1,199,32.8917,34.8524,9909,
KOUKLIA_AMMOCHOSTO.kml,KOUKLIA AMMOCHOSTO,3,200,3200,KOUKLIA AMMOCHOSTO,ΚΟΥΚΛΙΑ ΑΜΜΟΧΩΣΤΟΥ,1,600,33.7517,35.112,25106,
KOUKLIA_PAFOU.kml,KOUKLIA PAFOU,6,100,6100,KOUKLIA PAFOU,ΚΟΥΚΛΙΑ ΠΑΦΟΥ,1,1849,32.5951,34.6881,72257,
KOURDAKA.kml,KOURDAKA,6,127,6127,KOURDAKA,ΚΟΥΡΔΑΚΑ,1,274,32.5365,34.8596,12765,
KOURIO_AKROTIRI.kml,"KOURIO, AKROTIRI",5,200,5200,"KOURIO, AKROTIRI","ΚΟΥΡΙΟ, ΑΚΡΩΤΗΡΙ",1,1323,32.9649,34.5859,52484,
KOURIO_ASOMATOS.kml,"KOURIO, ASOMATOS",5,201,5201,"KOURIO, ASOMATOS","ΚΟΥΡΙΟ, ΑΣΩΜΑΤΟΣ",1,198,32.971,34.6332,9926,
KOURIO_EPISKOPI.kml,"KOURIO, EPISKOPI",5,212,5212,"KOURIO, EPISKOPI","ΚΟΥΡΙΟ, ΕΠΙΣΚΟΠΗ",1,733,32.8819,34.6745,30137,
KOURIO_ERIMI.kml,"KOURIO, ERIMI",5,211,5211,"KOURIO, ERIMI","ΚΟΥΡΙΟ, ΕΡΗΜΗ",1,407,32.9221,34.6863,17802,
KOURIO_KANTOU.kml,"KOURIO, KANTOU",5,213,5213,"KOURIO, KANTOU","ΚΟΥΡΙΟ, ΚΑΝΤΟΥ",1,752,32.9058,34.7095,30845,
KOURIO_KOLOSSI.kml,"KOURIO, KOLOSSI",5,210,5210,"KOURIO, KOLOSSI","ΚΟΥΡΙΟ, ΚΟΛΟΣΣΙ",1,686,32.9375,34.673,28359,
KOURIO_SOTIRA.kml,"KOURIO, SOTIRA",5,214,5214,"KOURIO, SOTIRA","ΚΟΥΡΙΟ, ΣΩΤΗΡΑ",1,933,32.8439,34.7004,37704,
KOURIO_TRACHONI.kml,"KOURIO, TRACHONI",5,203,5203,"KOURIO, TRACHONI","ΚΟΥΡΙΟ, ΤΡΑΧΩΝΙ",1,314,32.9597,34.6562,14317,
KOURIO_YPSONAS.kml,"KOURIO, YPSONAS",5,21,5021,"KOURIO, YPSONAS","ΚΟΥΡΙΟ, ΥΨΩΝΑΣ",1,1265,32.9493,34.7029,50243,
KOUROU_MONASTIRI.kml,KOUROU MONASTIRI,1,144,1144,KOUROU MONASTIRI,ΚΟΥΡΟΥ ΜΟΝΑΣΤΗΡΙ,1,521,33.5566,35.2247,22128,
KOUTSOVENTIS.kml,KOUTSOVENTIS,2,102,2102,KOUTSOVENTIS,ΚΟΥΤΣΟΒΕΝΤΗΣ,1,689,33.4185,35.2611,28482,
KRIDEIA.kml,KRIDEIA,3,335,3335,KRIDEIA,ΚΡΙΔΕΙΑ,1,565,33.9624,35.3888,23732,
KRINI.kml,KRINI,2,111,2111,KRINI,ΚΡΗΝΙ,1,927,33.2512,35.27,37401,
KRITOU_MAROTTOU.kml,KRITOU MAROTTOU,6,305,6305,KRITOU MAROTTOU,ΚΡΙΤΟΥ ΜΑΡΟΤΤΟΥ,1,904,32.5793,34.9459,36579,
KYNOUSA.kml,KYNOUSA,6,361,6361,KYNOUSA,ΚΥΝΟΥΣΑ,1,666,32.5114,35.0325,27554,
KYPEROUNTA.kml,KYPEROUNTA,5,369,5369,KYPEROUNTA,ΚΥΠΕΡΟΥΝΤΑ,1,938,32.9542,34.9416,37865,
KYRA.kml,KYRA,1,369,1369,KYRA,ΚΥΡΑ,1,508,33.0723,35.2161,21583,
LAGOUDERA.kml,LAGOUDERA,1,305,1305,LAGOUDERA,ΛΑΓΟΥΔΕΡΑ,1,924,33.0184,34.9733,37313,
LAKATAMEIA_LAKATAMEIA.kml,"LAKATAMEIA, LAKATAMEIA",1,21,1021,"LAKATAMEIA, LAKATAMEIA","ΛΑΚΑΤΑΜΕΙΑ, ΛΑΚΑΤΑΜEΙΑ",1,1998,33.3069,35.1119,77974,
LAKATAMEIA_SYN_ANTHOUPOLIS.kml,"LAKATAMEIA, SYN. ANTHOUPOLIS",1,22,1022,"LAKATAMEIA, SYN. ANTHOUPOLIS","ΛΑΚΑΤΑΜΕΙΑ, ΣΥΝ. ΑΝΘΟΥΠΟΛΗΣ",1,135,33.2894,35.1044,7616,
LAKATAMEIA_TSERI.kml,"LAKATAMEIA, TSERI",1,225,1225,"LAKATAMEIA, TSERI","ΛΑΚΑΤΑΜΕΙΑ, ΤΣΕΡΙ",1,1790,33.3314,35.0659,70050,
LANEIA.kml,LANEIA,5,312,5312,LANEIA,ΛΑΝΕΙΑ,1,810,32.9244,34.8187,33025,
LAPATHOS.kml,LAPATHOS,3,135,3135,LAPATHOS,ΛΑΠΑΘΟΣ,1,729,33.829,35.2724,29943,
LAPITHIOU.kml,LAPITHIOU,6,228,6228,LAPITHIOU,ΛΑΠΗΘΙΟΥ,1,405,32.5924,34.9029,17712,
LARNAKAS_LAPITHOU.kml,LARNAKAS LAPITHOU,2,221,2221,LARNAKAS LAPITHOU,ΛΑΡΝΑΚΑΣ ΛΑΠΗΘΟΥ,1,1130,33.1305,35.3022,45140,
LARNAKA_LARNAKA.kml,"LARNAKA, LARNAKA",4,0,4000,"LARNAKA, LARNAKA","ΛΑΡΝΑΚΑ, ΛΑΡΝΑΚΑ",1,2371,33.6255,34.912,92040,
LARNAKA_LIVADIA.kml,"LARNAKA, LIVADIA",4,11,4011,"LARNAKA, LIVADIA","ΛΑΡΝΑΚΑ, ΛΙΒΑΔΙΑ",1,548,33.6313,34.9537,23159,
LARNAKA_VOROKLINI.kml,"LARNAKA, VOROKLINI",4,102,4102,"LARNAKA, VOROKLINI","ΛΑΡΝΑΚΑ, ΒΟΡΟΚΛΗΝΗ",1,635,33.6584,34.9822,26438,
LASA.kml,LASA,6,307,6307,LASA,ΛΑΣΑ,1,497,32.5236,34.9352,21164,
LATSIA_GERI_GERI.kml,"LATSIA - GERI, GERI",1,24,1024,"LATSIA - GERI, GERI","ΛΑΤΣΙΑ - ΓΕΡΙ, ΓΕΡΙ",1,1261,33.4308,35.1059,50104,
LATSIA_GERI_LATSIA.kml,"LATSIA - GERI, LATSIA",1,23,1023,"LATSIA - GERI, LATSIA","ΛΑΤΣΙΑ - ΓΕΡΙ, ΛΑΤΣΙΑ",1,1037,33.3694,35.0957,41634,
LAZANIAS.kml,LAZANIAS,1,203,1203,LAZANIAS,ΛΑΖΑΝΙΑΣ,1,1106,33.2035,34.937,44187,
LEFKA.kml,LEFKA,1,435,1435,LEFKA,ΛΕΥΚΑ,1,1307,32.8311,35.0958,51792,
LEFKARA_DELIKIPOS.kml,"LEFKARA, DELIKIPOS",4,216,4216,"LEFKARA, DELIKIPOS","ΛΕΥΚΑΡΑ, ΔΕΛΙΚΗΠΟΣ",1,436,33.3469,34.9156,18938,
LEFKARA_KATO_LEFKARA.kml,"LEFKARA, KATO LEFKARA",4,310,4310,"LEFKARA, KATO LEFKARA","ΛΕΥΚΑΡΑ, ΚΑΤΩ ΛΕΥΚΑΡΑ",1,559,33.346,34.87,23586,
LEFKARA_KORNOS.kml,"LEFKARA, KORNOS",4,215,4215,"LEFKARA, KORNOS","ΛΕΥΚΑΡΑ, ΚΟΡΝΟΣ",1,675,33.3841,34.9112,27951,
LEFKARA_LAGEIA.kml,"LEFKARA, LAGEIA",4,314,4314,"LEFKARA, LAGEIA","ΛΕΥΚΑΡΑ, ΛΑΓΕΙΑ",1,740,33.2448,34.8439,30424,
LEFKARA_PANO_LEFKARA.kml,"LEFKARA, PANO LEFKARA",4,311,4311,"LEFKARA, PANO LEFKARA","ΛΕΥΚΑΡΑ, ΠΑΝΩ ΛΕΥΚΑΡΑ",1,1783,33.3171,34.8635,69824,
LEFKARA_SKARINOU.kml,"LEFKARA, SKARINOU",4,308,4308,"LEFKARA, SKARINOU","ΛΕΥΚΑΡΑ, ΣΚΑΡΙΝΟΥ",1,790,33.3566,34.8242,32302,
LEFKARA_VAVLA.kml,"LEFKARA, VAVLA",4,313,4313,"LEFKARA, VAVLA","ΛΕΥΚΑΡΑ, ΒΑΒΛΑ",1,1006,33.2747,34.8391,40465,
LEFKOSIA_AGIOS_DOMETIOS.kml,"LEFKOSIA, AGIOS DOMETIOS",1,10,1010,"LEFKOSIA, AGIOS DOMETIOS","ΛΕΥΚΩΣΙΑ, ΑΓΙΟΣ ΔΟΜΕΤΙΟΣ",1,1070,33.3084,35.1774,42920,
LEFKOSIA_AGLANTZIA.kml,"LEFKOSIA, AGLANTZIA",1,13,1013,"LEFKOSIA, AGLANTZIA","ΛΕΥΚΩΣΙΑ, ΑΓΛΑΝΤΖΙΑ",1,1261,33.4242,35.1497,50109,
LEFKOSIA_EGKOMI.kml,"LEFKOSIA, EGKOMI",1,11,1011,"LEFKOSIA, EGKOMI","ΛΕΥΚΩΣΙΑ, ΕΓΚΩΜΗ",1,521,33.3165,35.1541,22124,
LEFKOSIA_LEFKOSIA.kml,"LEFKOSIA, LEFKOSIA",1,0,1000,"LEFKOSIA, LEFKOSIA","ΛΕΥΚΩΣΙΑ, ΛΕΥΚΩΣΙΑ",1,1994,33.4114,35.1772,77819,
LEMESOS_LEMESOS.kml,"LEMESOS, LEMESOS",5,0,5000,"LEMESOS, LEMESOS","ΛΕΜΕΣΟΣ, ΛΕΜΕΣΟΣ",1,1904,33.0284,34.6841,74364,
LEMESOS_MESA_GEITONIA.kml,"LEMESOS, MESA GEITONIA",5,11,5011,"LEMESOS, MESA GEITONIA","ΛΕΜΕΣΟΣ, ΜΕΣΑ ΓΕΙΤΟΝΙΑ",1,764,33.0446,34.7084,31326,
LEMESOS_TSERKEZOI.kml,"LEMESOS, TSERKEZOI",5,202,5202,"LEMESOS, TSERKEZOI","ΛΕΜΕΣΟΣ, ΤΣΕΡΚΕΖΟΙ",1,255,32.9903,34.6436,12080,
LEMITHOU.kml,LEMITHOU,5,345,5345,LEMITHOU,ΛΕΜΙΘΟΥ,1,449,32.8079,34.9503,19367,
LEMONA.kml,LEMONA,6,128,6128,LEMONA,ΛΕΜΩΝΑ,1,574,32.5658,34.8549,24091,
LEMPA.kml,LEMPA,6,21,6021,LEMPA,ΛΕΜΠΑ,1,282,32.4023,34.8129,13055,
LEONARISSO.kml,LEONARISSO,3,345,3345,LEONARISSO,ΛΕΟΝΑΡΙΣΣΟ,1,951,34.1236,35.4626,38340,
LETYMVOU.kml,LETYMVOU,6,125,6125,LETYMVOU,ΛΕΤΥΜΒΟΥ,1,763,32.5226,34.8489,31250,
LIMNATIS.kml,LIMNATIS,5,109,5109,LIMNATIS,ΛΙΜΝΑΤΗΣ,1,1053,32.9461,34.7985,42202,
LIMNIA.kml,LIMNIA,3,123,3123,LIMNIA,ΛΙΜΝΙΑ,1,976,33.8534,35.1895,39293,
LINOU.kml,LINOU,1,415,1415,LINOU,ΛΗΝΟΥ,1,682,32.9015,35.076,28177,
LIVADI.kml,LIVADI,6,370,6370,LIVADI,ΛΙΒΑΔΙ,1,1610,32.6,35.0882,63188,
LIVADIA_AMMOCHOSTOU.kml,LIVADIA AMMOCHOSTOU,3,334,3334,LIVADIA AMMOCHOSTOU,ΛΙΒΑΔΙΑ ΑΜΜΟΧΩΣΤΟΥ,1,550,34.0369,35.398,23236,
LIVADIA_LEFKOSIAS.kml,LIVADIA LEFKOSIAS,1,307,1307,LIVADIA LEFKOSIAS,ΛΙΒΑΔΙΑ ΛΕΥΚΩΣΙΑΣ,1,587,33.0168,34.9509,24638,
LIVERA.kml,LIVERA,2,130,2130,LIVERA,ΛΙΒΕΡΑ,2,1449,32.9443,35.3851,57321,
LOFOU.kml,LOFOU,5,307,5307,LOFOU,ΛΟΦΟΥ,1,1280,32.8825,34.7983,50752,
LOUKROUNOU.kml,LOUKROUNOU,6,339,6339,LOUKROUNOU,ΛΟΥΚΡΟΥΝΟΥ,1,408,32.4693,34.9535,17842,
LOUROUKINA.kml,LOUROUKINA,1,110,1110,LOUROUKINA,ΛΟΥΡΟΥΚΙΝΑ,1,1308,33.4846,35.0206,51859,
LOUTROS.kml,LOUTROS,1,453,1453,LOUTROS,ΛΟΥΤΡΟΣ,1,558,32.7654,35.1565,23489,
LOUVARAS.kml,LOUVARAS,5,145,5145,LOUVARAS,ΛΟΥΒΑΡΑΣ,1,483,33.0362,34.8333,20666,
LYSOS.kml,LYSOS,6,320,6320,LYSOS,ΛΥΣΟΣ,1,3999,32.5794,35.0158,153407,
LYTHRAGKOMI.kml,LYTHRAGKOMI,3,343,3343,LYTHRAGKOMI,ΛΥΘΡΑΓΚΩΜΗ,1,557,34.1738,35.4635,23468,
LYTHRODONTAS.kml,LYTHRODONTAS,1,109,1109,LYTHRODONTAS,ΛΥΘΡΟΔΟΝΤΑΣ,1,967,33.2913,34.948,38943,
MAKRASYKA.kml,MAKRASYKA,3,112,3112,MAKRASYKA,ΜΑΚΡΑΣΥΚΑ,1,575,33.7529,35.0756,24140,
MALIA.kml,MALIA,5,324,5324,MALIA,ΜΑΛΙΑ,1,956,32.7665,34.8097,38513,
MALOUNTA.kml,MALOUNTA,1,208,1208,MALOUNTA,ΜΑΛΟΥΝΤΑ,1,941,33.1767,35.0435,37960,
MAMMARI.kml,MAMMARI,1,244,1244,MAMMARI,ΜΑΜΜΑΡΗ,1,920,33.2117,35.1851,37145,
MAMONIA.kml,MAMONIA,6,204,6204,MAMONIA,ΜΑΜΩΝΙΑ,1,715,32.6306,34.7666,29388,
MAMOUNTALI.kml,MAMOUNTALI,6,229,6229,MAMOUNTALI,ΜΑΜΟΥΝΤΑΛΗ,1,417,32.6082,34.9164,18184,
MANDRES_AMMOCHOSTOU.kml,MANDRES AMMOCHOSTOU,3,312,3312,MANDRES AMMOCHOSTOU,ΜΑΝΔΡΕΣ ΑΜΜΟΧΩΣΤΟΥ,1,817,33.8176,35.3367,33321,
MANDRES_LEFKOSIAS.kml,MANDRES LEFKOSIAS,1,132,1132,MANDRES LEFKOSIAS,ΜΑΝΔΡΕΣ,1,1177,33.3711,35.2256,46887,
MANDRIA.kml,MANDRIA,6,101,6101,MANDRIA,ΜΑΝΔΡΙΑ,1,356,32.5388,34.7112,15846,
MANDRIA_LEMESOU.kml,MANDRIA LEMESOU,5,328,5328,MANDRIA LEMESOU,ΜΑΝΔΡΙΑ ΛΕΜΕΣΟΥ,1,510,32.8326,34.8668,21716,
MANSOURA.kml,MANSOURA,1,467,1467,MANSOURA,ΜΑΝΣΟΥΡΑ,1,911,32.6282,35.1861,36835,
MARATHA.kml,MARATHA,3,215,3215,MARATHA,ΜΑΡΑΘΑ,1,189,33.7769,35.2053,9544,
MARATHOUNTA.kml,MARATHOUNTA,6,110,6110,MARATHOUNTA,ΜΑΡΑΘΟΥΝΤΑ,1,701,32.4949,34.7756,28931,
MARATHOVOUNOS.kml,MARATHOVOUNOS,3,234,3234,MARATHOVOUNOS,ΜΑΡΑΘΟΒΟΥΝΟΣ,1,1745,33.6339,35.2145,68366,
MARGI.kml,MARGI,1,224,1224,MARGI,ΜΑΡΓΙ,1,693,33.3275,35.0292,28561,
MARGO.kml,MARGO,1,123,1123,MARGO,ΜΑΡΓΟ,1,397,33.4857,35.1039,17393,
MARI.kml,MARI,4,301,4301,MARI,ΜΑΡΙ,1,780,33.2955,34.7307,31856,
MARONAS.kml,MARONAS,6,203,6203,MARONAS,ΜΑΡΩΝΑΣ,1,617,32.6693,34.7616,25718,
MARONI.kml,MARONI,4,306,4306,MARONI,ΜΑΡΩΝΙ,1,680,33.3708,34.7568,28093,
MASARI.kml,MASARI,1,366,1366,MASARI,ΜΑΣΑΡΗ,1,202,33.0765,35.185,10032,
MATHIATIS.kml,MATHIATIS,1,101,1101,MATHIATIS,ΜΑΘΙΑΤΗΣ,1,968,33.3391,34.9653,38984,
MAZOTOS.kml,MAZOTOS,4,120,4120,MAZOTOS,ΜΑΖΩΤΟΣ,1,622,33.4889,34.8012,25910,
MELADEIA.kml,MELADEIA,6,318,6318,MELADEIA,ΜΕΛΑΔΕΙΑ,1,656,32.5054,34.988,27199,
MELANARGA.kml,MELANARGA,3,351,3351,MELANARGA,ΜΕΛΑΝΑΡΓΑ,1,697,34.2025,35.5093,28763,
MELANDRA.kml,MELANDRA,6,319,6319,MELANDRA,ΜΕΛΑΝΔΡΑ,1,742,32.5286,34.9882,30422,
MELINI.kml,MELINI,4,316,4316,MELINI,ΜΕΛΙΝΗ,1,650,33.1568,34.8645,26960,
MELOUNTA.kml,MELOUNTA,3,305,3305,MELOUNTA,ΜΕΛΟΥΝΤΑ,1,586,33.6991,35.324,24566,
MELOUSEIA.kml,MELOUSEIA,4,203,4203,MELOUSEIA,ΜΕΛΟΥΣΕΙΑ,1,309,33.5832,35.0739,14094,
MENIKO.kml,MENIKO,1,368,1368,MENIKO,ΜΕΝΙΚΟ,1,1388,33.145,35.1019,54829,
MENOGEIA.kml,MENOGEIA,4,128,4128,MENOGEIA,ΜΕΝΟΓΕΙΑ,1,418,33.4351,34.8416,18212,
MESANA.kml,MESANA,6,214,6214,MESANA,ΜΕΣΑΝΑ,1,457,32.7084,34.846,19672,
MESA_CHORIO.kml,MESA CHORIO,6,24,6024,MESA CHORIO,ΜΕΣΑ ΧΩΡΙΟ,1,536,32.4667,34.8088,22656,
MESOGI.kml,MESOGI,6,25,6025,MESOGI,ΜΕΣΟΓΗ,1,808,32.4568,34.8135,32933,
MIA_MILIA.kml,MIA MILIA,1,131,1131,MIA MILIA,ΜΙΑ ΜΗΛΙΑ,1,1095,33.4223,35.2223,43821,
MILIA_AMMOCHOSTOU.kml,MILIA AMMOCHOSTOU,3,219,3219,MILIA AMMOCHOSTOU,ΜΗΛΙΑ ΑΜΜΟΧΩΣΤΟΥ,1,1499,33.7998,35.2272,59080,
MILIA_PAFOU.kml,MILIA PAFOU,6,304,6304,MILIA PAFOU,ΜΗΛΙΑ ΠΑΦΟΥ,1,421,32.5355,34.9123,18325,
MILIOU.kml,MILIOU,6,333,6333,MILIOU,ΜΗΛΙΟΥ,1,436,32.4606,34.9389,18872,
MITSERO.kml,MITSERO,1,213,1213,MITSERO,ΜΙΤΣΕΡΟ,1,1054,33.1237,35.0407,42213,
MONAGRI.kml,MONAGRI,5,314,5314,MONAGRI,ΜΟΝΑΓΡΙ,1,502,32.9151,34.7933,21384,
MONAGROULLI.kml,MONAGROULLI,5,127,5127,MONAGROULLI,ΜΟΝΑΓΡΟΥΛΛΙ,1,1099,33.2184,34.7435,43936,
MONARGA.kml,MONARGA,3,321,3321,MONARGA,ΜΟΝΑΡΓΑ,1,244,33.9444,35.3175,11624,
MONI.kml,MONI,5,128,5128,MONI,ΜΟΝΗ,1,657,33.2018,34.7283,27227,
MONIATIS.kml,MONIATIS,5,318,5318,MONIATIS,ΜΟΝΙΑΤΗΣ,1,654,32.9027,34.8801,27125,
MORA.kml,MORA,1,130,1130,MORA,ΜΟΡΑ,1,993,33.5397,35.1738,39920,
MOSFILI.kml,MOSFILI,1,468,1468,MOSFILI,ΜΟΣΦΙΛΙ,1,657,32.6269,35.1791,27240,
MOSFILOTI.kml,MOSFILOTI,4,212,4212,MOSFILOTI,ΜΟΣΦΙΛΩΤΗ,1,388,33.4312,34.952,17070,
MOTIDES.kml,MOTIDES,2,215,2215,MOTIDES,ΜΟΤΗΔΕΣ,1,346,33.2095,35.3312,15479,
MOUSERE.kml,MOUSERE,6,202,6202,MOUSERE,ΜΟΥΣΕΡΕ,1,695,32.7068,34.7642,28663,
MOUSOULITA.kml,MOUSOULITA,3,213,3213,MOUSOULITA,ΜΟΥΣΟΥΛΙΤΑ,1,476,33.6456,35.1936,20401,
MOUTOULLAS.kml,MOUTOULLAS,1,422,1422,MOUTOULLAS,ΜΟΥΤΟΥΛΛΑΣ,1,1095,32.8295,34.9813,43800,
MYLIKOURI.kml,MYLIKOURI,1,421,1421,MYLIKOURI,ΜΥΛΙΚΟΥΡΙ,1,2633,32.7205,34.9405,101892,
MYRTOU.kml,MYRTOU,2,126,2126,MYRTOU,ΜΥΡΤΟΥ,1,1455,33.074,35.3237,57366,
NATA.kml,NATA,6,113,6113,NATA,ΝΑΤΑ,1,644,32.5618,34.7767,26720,
NEO_CHORIO_LEFKOSIAS.kml,NEO CHORIO LEFKOSIAS,1,138,1138,NEO CHORIO LEFKOSIAS,ΝΕΟ ΧΩΡΙΟ ΛΕΥΚΩΣΙΑΣ,1,1625,33.4548,35.2254,63873,
NETA.kml,NETA,3,341,3341,NETA,ΝΕΤΑ,1,809,34.2222,35.4694,32952,
NIKITARI.kml,NIKITARI,1,322,1322,NIKITARI,ΝΙΚΗΤΑΡΙ,1,1613,32.9846,35.0651,63329,
NIKITAS.kml,NIKITAS,1,354,1354,NIKITAS,ΝΙΚΗΤΑΣ,1,611,32.9434,35.1847,25470,
NIKOKLEIA.kml,NIKOKLEIA,6,102,6102,NIKOKLEIA,ΝΙΚΟΚΛΕΙΑ,1,267,32.5713,34.73,12515,
NOTIA_L_SIA_IDALION_ALAMPRA.kml,"NOTIA L/SIA - IDALION, ALAMPRA",1,102,1102,"NOTIA L/SIA - IDALION, ALAMPRA","ΝΟΤΙΑ Λ/ΣΙΑ - ΙΔΑΛΙΟΝ, ΑΛΑΜΠΡΑ",1,961,33.409,34.9905,38817,
NOTIA_L_SIA_IDALION_IDALION.kml,"NOTIA L/SIA - IDALION, IDALION",1,107,1107,"NOTIA L/SIA - IDALION, IDALION","ΝΟΤΙΑ Λ/ΣΙΑ - ΙΔΑΛΙΟΝ, ΙΔΑΛΙΟΝ",1,2059,33.4118,35.0446,80283,
NOTIA_L_SIA_IDALION_LYMPIA.kml,"NOTIA L/SIA - IDALION, LYMPIA",1,108,1108,"NOTIA L/SIA - IDALION, LYMPIA","ΝΟΤΙΑ Λ/ΣΙΑ - ΙΔΑΛΙΟΝ, ΛΥΜΠΙΑ",1,1094,33.4613,34.984,43857,
NOTIA_L_SIA_IDALION_NISOU.kml,"NOTIA L/SIA - IDALION, NISOU",1,105,1105,"NOTIA L/SIA - IDALION, NISOU","ΝΟΤΙΑ Λ/ΣΙΑ - ΙΔΑΛΙΟΝ, ΝΗΣΟΥ",1,1368,33.3902,35.0372,54159,
NOTIA_L_SIA_IDALION_POTAMIA.kml,"NOTIA L/SIA - IDALION, POTAMIA",1,120,1120,"NOTIA L/SIA - IDALION, POTAMIA","ΝΟΤΙΑ Λ/ΣΙΑ - ΙΔΑΛΙΟΝ, ΠΟΤΑΜΙΑ",1,696,33.4516,35.0448,28822,
NOTIA_L_SIA_IDALION_P_CHORIO.kml,"NOTIA L/SIA - IDALION, P.CHORIO",1,106,1106,"NOTIA L/SIA - IDALION, P.CHORIO","ΝΟΤΙΑ Λ/ΣΙΑ - ΙΔΑΛΙΟΝ, Π.ΧΩΡΙΟ",1,1410,33.3751,35.0272,55785,
ODOU.kml,ODOU,4,317,4317,ODOU,ΟΔΟΥ,1,723,33.1579,34.8948,29702,
OIKOS.kml,OIKOS,1,423,1423,OIKOS,ΟΙΚΟΣ,1,448,32.8337,35.0042,19329,
OMODOS.kml,OMODOS,5,330,5330,OMODOS,ΟΜΟΔΟΣ,1,868,32.8055,34.8546,35190,
ORA.kml,ORA,4,315,4315,ORA,ΟΡΑ,1,1761,33.2308,34.8394,68932,
ORGA.kml,ORGA,2,226,2226,ORGA,ΟΡΓΑ,1,657,33.0309,35.3591,27210,
ORMIDEIA.kml,ORMIDEIA,4,106,4106,ORMIDEIA,ΟΡΜΙΔΕΙΑ,2,2153,33.7827,34.9863,84007,
OROUNTA.kml,OROUNTA,1,327,1327,OROUNTA,ΟΡΟΥΝΤΑ,1,1420,33.0767,35.0912,56050,
ORTAKIO_MINTZELI.kml,ORTAKIOΪ (MINTZELI),1,14,1014,ORTAKIOΪ (MINTZELI),ΟΡΤΑΚΙΟΪ (ΜΙΝΤΖΕΛΙ),1,651,33.331,35.2084,27048,
OVGOROS.kml,OVGOROS,3,327,3327,OVGOROS,ΟΒΓΟΡΟΣ,1,728,33.9406,35.3715,29907,
PACHNA.kml,PACHNA,5,308,5308,PACHNA,ΠΑΧΝΑ,1,917,32.7884,34.767,37038,
PACHYAMMOS.kml,PACHYAMMOS,1,461,1461,PACHYAMMOS,ΠΑΧΥΑΜΜΟΣ,1,1176,32.5854,35.1687,46823,
PAFOS.kml,PAFOS,6,0,6000,PAFOS,ΠΑΦΟΣ,1,4151,32.4179,34.7691,159211,
PALAICHORI_MORFOU.kml,PALAICHORI MORFOU,1,300,1300,PALAICHORI MORFOU,ΠΑΛΑΙΧΩΡΙ ΜΟΡΦΟΥ,1,1893,33.0898,34.9345,73987,
PALAICHORI_OREINIS.kml,PALAICHORI OREINIS,1,310,1310,PALAICHORI OREINIS,ΠΑΛΑΙΧΩΡΙ ΟΡΕΙΝΗΣ,1,2222,33.1096,34.9295,86386,
PALAIKYTHRO.kml,PALAIKYTHRO,1,133,1133,PALAIKYTHRO,ΠΑΛΑΙΚΥΘΡΟ,1,937,33.4904,35.1891,37817,
PALAIOMETOCHO.kml,PALAIOMETOCHO,1,241,1241,PALAIOMETOCHO,ΠΑΛΑΙΟΜΕΤΟΧΟ,1,2427,33.2082,35.1275,94104,
PALAIOMYLOS.kml,PALAIOMYLOS,5,341,5341,PALAIOMYLOS,ΠΑΛΑΙΟΜΥΛΟΣ,1,235,32.8218,34.9319,11313,
PALAIOSOFOS.kml,PALAIOSOFOS,2,214,2214,PALAIOSOFOS,ΠΑΛΑΙΟΣΟΦΟΣ,1,411,33.2105,35.3223,17961,
PALODEIA.kml,PALODEIA,5,100,5100,PALODEIA,ΠΑΛΟΔΕΙΑ,1,551,32.9892,34.7439,23228,
PANAGRA.kml,PANAGRA,2,224,2224,PANAGRA,ΠΑΝΑΓΡΑ,1,422,33.0678,35.3433,18341,
PANO_AKOURDALEIA.kml,PANO AKOURDALEIA,6,332,6332,PANO AKOURDALEIA,ΠΑΝΩ ΑΚΟΥΡΔΑΛΕΙΑ,1,371,32.4463,34.9413,16459,
PANO_ARCHIMANDRITA.kml,PANO ARCHIMANDRITA,6,200,6200,PANO ARCHIMANDRITA,ΠΑΝΩ ΑΡΧΙΜΑΝΔΡΙΤΑ,1,798,32.6744,34.7405,32622,
PANO_DEFTERA.kml,PANO DEFTERA,1,232,1232,PANO DEFTERA,ΠΑΝΩ ΔΕΥΤΕΡΑ,1,1583,33.2693,35.0906,62209,
PANO_DIKOMO.kml,PANO DIKOMO,2,100,2100,PANO DIKOMO,ΠΑΝΩ ΔΙΚΩΜΟ,1,560,33.3185,35.278,23591,
PANO_KIVIDES.kml,PANO KIVIDES,5,304,5304,PANO KIVIDES,ΠΑΝΩ ΚΥΒΙΔΕΣ,1,714,32.8465,34.7542,29406,
PANO_KOUTRAFAS.kml,PANO KOUTRAFAS,1,328,1328,PANO KOUTRAFAS,ΠΑΝΩ ΚΟΥΤΡΑΦΑΣ,1,547,32.9949,35.0972,23094,
PANO_PANAGIA.kml,PANO PANAGIA,6,230,6230,PANO PANAGIA,ΠΑΝΩ ΠΑΝΑΓΙΑ,1,2321,32.6346,34.9546,90068,
PANO_PLATRES.kml,PANO PLATRES,5,351,5351,PANO PLATRES,ΠΑΝΩ ΠΛΑΤΡΕΣ,1,429,32.8682,34.8917,18651,
PANO_PYRGOS.kml,PANO PYRGOS,1,456,1456,PANO PYRGOS,ΠΑΝΩ ΠΥΡΓΟΣ,1,1258,32.6699,35.1354,49957,
PANO_ZODEIA.kml,PANO ZODEIA,1,350,1350,PANO ZODEIA,ΠΑΝΩ ΖΩΔΕΙΑ,1,750,33.0027,35.1441,30782,
PARALIMNI_DERYNEIA_ACHERITOU.kml,"PARALIMNI - DERYNEIA, ACHERITOU",3,114,3114,"PARALIMNI - DERYNEIA, ACHERITOU","ΠΑΡΑΛΙΜΝΙ - ΔΕΡΥΝΕΙΑ, ΑΧΕΡΙΤΟΥ",1,1597,33.8632,35.0938,62865,
PARALIMNI_DERYNEIA_DERYNEIA.kml,"PARALIMNI - DERYNEIA, DERYNEIA",3,102,3102,"PARALIMNI - DERYNEIA, DERYNEIA","ΠΑΡΑΛΙΜΝΙ - ΔΕΡΥΝΕΙΑ, ΔΕΡΥΝΕΙΑ",1,2163,33.9342,35.077,84223,
PARALIMNI_DERYNEIA_FRENAROS.kml,"PARALIMNI - DERYNEIA, FRENAROS",3,105,3105,"PARALIMNI - DERYNEIA, FRENAROS","ΠΑΡΑΛΙΜΝΙ - ΔΕΡΥΝΕΙΑ, ΦΡΕΝΑΡΟΣ",1,1771,33.8968,35.0589,69415,
PARALIMNI_DERYNEIA_PARALIMNI.kml,"PARALIMNI - DERYNEIA,PARALIMNI",3,101,3101,"PARALIMNI - DERYNEIA,PARALIMNI","ΠΑΡΑΛΙΜΝΙ - ΔΕΡΥΝΕΙΑ,ΠΑΡΑΛΙΜΝΙ",3,3106,34.0258,35.0284,120361,
PARAMALI.kml,PARAMALI,5,221,5221,PARAMALI,ΠΑΡΑΜΑΛΙ,1,726,32.7962,34.6851,29832,
PARAMYTHA.kml,PARAMYTHA,5,101,5101,PARAMYTHA,ΠΑΡΑΜΥΘΑ,1,776,32.9757,34.7587,31743,
PAREKKLISIA.kml,PAREKKLISIA,5,125,5125,PAREKKLISIA,ΠΑΡΕΚΚΛΗΣΙΑ,1,891,33.1616,34.7424,36112,
PATRIKI.kml,PATRIKI,3,325,3325,PATRIKI,ΠΑΤΡΙΚΙ,1,880,33.985,35.3556,35649,
PEDOULAS.kml,PEDOULAS,1,420,1420,PEDOULAS,ΠΕΔΟΥΛΑΣ,1,794,32.8279,34.9645,32414,
PELENDRI.kml,PELENDRI,5,365,5365,PELENDRI,ΠΕΛΕΝΔΡΙ,1,1211,32.9598,34.8924,48156,
PENTAGEIA.kml,PENTAGEIA,1,441,1441,PENTAGEIA,ΠΕΝΤΑΓΕΙΑ,1,760,32.8809,35.1506,31109,
PENTAKOMO.kml,PENTAKOMO,5,126,5126,PENTAKOMO,ΠΕΝΤΑΚΩΜΟ,1,981,33.2493,34.7323,39470,
PENTALIA.kml,PENTALIA,6,222,6222,PENTALIA,ΠΕΝΤΑΛΙΑ,1,642,32.6152,34.846,26664,
PERA.kml,PERA,1,227,1227,PERA,ΠΕΡΑ,1,1376,33.2777,35.0278,54409,
PERA_PEDI.kml,PERA PEDI,5,327,5327,PERA PEDI,ΠΕΡΑ ΠΕΔΙ,1,509,32.8747,34.8639,21653,
PERGAMOS.kml,PERGAMOS,4,108,4108,PERGAMOS,ΠΕΡΓΑΜΟΣ,1,711,33.6986,35.0464,29259,
PERISTERONA.kml,PERISTERONA,1,361,1361,PERISTERONA,ΠΕΡΙΣΤΕΡΩΝΑ,1,970,33.0713,35.1264,39084,
PERISTERONARI.kml,PERISTERONARI,1,437,1437,PERISTERONARI,ΠΕΡΙΣΤΕΡΩΝΑΡΙ,1,551,32.8605,35.1386,23254,
PERISTERONA_AMMOCHOS.kml,PERISTERONA AMMOCHOS,3,216,3216,PERISTERONA AMMOCHOS,ΠΕΡΙΣΤΕΡΩΝΑ ΑΜΜΟΧΩΣ,1,575,33.7603,35.2065,24196,
PERISTERONA_PAFOU.kml,PERISTERONA PAFOU,6,321,6321,PERISTERONA PAFOU,ΠΕΡΙΣΤΕΡΩΝΑ ΠΑΦΟΥ,1,603,32.4855,34.994,25225,
PERIVOLIA_TRIKOMOU.kml,PERIVOLIA TRIKOMOU,3,133,3133,PERIVOLIA TRIKOMOU,ΠΕΡΙΒΟΛΙΑ ΤΡΙΚΟΜΟΥ,1,140,33.9132,35.2829,7751,
PETRA.kml,PETRA,1,432,1432,PETRA,ΠΕΤΡΑ,1,1055,32.9091,35.1147,42297,
PETRA_TOU_DIGENI.kml,PETRA TOU DIGENI,1,142,1142,PETRA TOU DIGENI,ΠΕΤΡΑ ΤΟΥ ΔΙΓΕΝΗ,1,860,33.5496,35.2405,34946,
PETROFANI.kml,PETROFANI,4,201,4201,PETROFANI,ΠΕΤΡΟΦΑΝΙ,1,636,33.5134,35.0331,26439,
PIGENIA.kml,PIGENIA,1,460,1460,PIGENIA,ΠΗΓΕΝΙΑ,1,1901,32.6469,35.1574,74237,
PIGI.kml,PIGI,3,217,3217,PIGI,ΠΗΓΗ,1,1110,33.77,35.2214,44321,
PILERI.kml,PILERI,2,112,2112,PILERI,ΠΙΛΕΡΙ,1,551,33.2105,35.2864,23219,
PISSOURI.kml,PISSOURI,5,227,5227,PISSOURI,ΠΙΣΣΟΥΡΙ,1,1824,32.6898,34.6595,71340,
PITARGOU.kml,PITARGOU,6,126,6126,PITARGOU,ΠΙΤΑΡΓΟΥ,1,431,32.5424,34.8326,18703,
PLATANI.kml,PLATANI,3,303,3303,PLATANI,ΠΛΑΤΑΝΙ,1,646,33.7581,35.3209,26789,
PLATANISSOS.kml,PLATANISSOS,3,346,3346,PLATANISSOS,ΠΛΑΤΑΝΙΣΣΟΣ,3,1200,34.0921,35.4833,48221,
PLATANISTASA.kml,PLATANISTASA,1,309,1309,PLATANISTASA,ΠΛΑΤΑΝΙΣΤΑΣΑ,1,1193,33.0578,34.9811,47481,
PLATANISTEIA.kml,PLATANISTEIA,5,223,5223,PLATANISTEIA,ΠΛΑΤΑΝΙΣΤΕΙΑ,1,599,32.712,34.71,25075,
POLEMI.kml,POLEMI,6,123,6123,POLEMI,ΠΟΛΕΜΙ,1,669,32.5112,34.8844,27681,
POLEMIDIA_KATO_POLEMIDIA.kml,"POLEMIDIA, KATO POLEMIDIA",5,22,5022,"POLEMIDIA, KATO POLEMIDIA","ΠΟΛΕΜΙΔΙΑ, ΚΑΤΩ ΠΟΛΕΜΙΔΙΑ",1,921,32.9838,34.6981,37307,
POLEMIDIA_PANO_POLEMIDIA.kml,"POLEMIDIA, PANO POLEMIDIA",5,20,5020,"POLEMIDIA, PANO POLEMIDIA","ΠΟΛΕΜΙΔΙΑ, ΠΑΝΩ ΠΟΛΕΜΙΔΙΑ",1,231,32.9914,34.7102,11227,
POLITIKO.kml,POLITIKO,1,226,1226,POLITIKO,ΠΟΛΙΤΙΚΟ,1,1158,33.2197,35.0077,46156,
POLI_CHRYSOCHOUS_AGIA_MARINA.kml,"POLI CHRYSOCHOUS, AGIA MARINA",6,365,6365,"POLI CHRYSOCHOUS, AGIA MARINA","ΠΟΛΗ ΧΡΥΣΟΧΟΥΣ, ΑΓΙΑ ΜΑΡΙΝΑ",1,558,32.5425,35.1166,23584,
POLI_CHRYSOCHOUS_ANDROLIKOU.kml,"POLI CHRYSOCHOUS, ANDROLIKOU",6,355,6355,"POLI CHRYSOCHOUS, ANDROLIKOU","ΠΟΛΗ ΧΡΥΣΟΧΟΥΣ, ΑΝΔΡΟΛΙΚΟΥ",1,816,32.3642,35.0121,33327,
POLI_CHRYSOCHOUS_ARGAKA.kml,"POLI CHRYSOCHOUS, ARGAKA",6,363,6363,"POLI CHRYSOCHOUS, ARGAKA","ΠΟΛΗ ΧΡΥΣΟΧΟΥΣ, ΑΡΓΑΚΑ",1,817,32.5068,35.0628,33351,
POLI_CHRYSOCHOUS_CHRYSOCHOU.kml,"POLI CHRYSOCHOUS, CHRYSOCHOU",6,341,6341,"POLI CHRYSOCHOUS, CHRYSOCHOU","ΠΟΛΗ ΧΡΥΣΟΧΟΥΣ, ΧΡΥΣΟΧΟΥ",1,569,32.4324,35.0119,24008,
POLI_CHRYSOCHOUS_DROUSEIA.kml,"POLI CHRYSOCHOUS, DROUSEIA",6,353,6353,"POLI CHRYSOCHOUS, DROUSEIA","ΠΟΛΗ ΧΡΥΣΟΧΟΥΣ, ΔΡΟΥΣΕΙΑ",3,2533,32.3468,35.002,98649,
POLI_CHRYSOCHOUS_GIALIA.kml,"POLI CHRYSOCHOUS, GIALIA",6,364,6364,"POLI CHRYSOCHOUS, GIALIA","ΠΟΛΗ ΧΡΥΣΟΧΟΥΣ, ΓΙΑΛΙΑ",1,1030,32.5472,35.078,41396,
POLI_CHRYSOCHOUS_KRITOU_TERA.kml,"POLI CHRYSOCHOUS, KRITOU TERA",6,336,6336,"POLI CHRYSOCHOUS, KRITOU TERA","ΠΟΛΗ ΧΡΥΣΟΧΟΥΣ, ΚΡΙΤΟΥ ΤΕΡΑ",1,941,32.4291,34.9593,38067,
POLI_CHRYSOCHOUS_MAKOUNTA.kml,"POLI CHRYSOCHOUS, MAKOUNTA",6,362,6362,"POLI CHRYSOCHOUS, MAKOUNTA","ΠΟΛΗ ΧΡΥΣΟΧΟΥΣ, ΜΑΚΟΥΝΤΑ",2,587,32.485,35.0524,24874,
POLI_CHRYSOCHOUS_NEA_DIMMATA.kml,"POLI CHRYSOCHOUS, NEA DIMMATA",6,366,6366,"POLI CHRYSOCHOUS, NEA DIMMATA","ΠΟΛΗ ΧΡΥΣΟΧΟΥΣ, ΝΕΑ ΔΗΜΜΑΤΑ",1,303,32.5394,35.1377,13963,
POLI_CHRYSOCHOUS_NEO_CHORIO.kml,"POLI CHRYSOCHOUS, NEO CHORIO",6,344,6344,"POLI CHRYSOCHOUS, NEO CHORIO","ΠΟΛΗ ΧΡΥΣΟΧΟΥΣ, ΝΕΟ ΧΩΡΙΟ",4,3420,32.3243,35.0694,132456,
POLI_CHRYSOCHOUS_PELATHOUSA.kml,"POLI CHRYSOCHOUS, PELATHOUSA",6,360,6360,"POLI CHRYSOCHOUS, PELATHOUSA","ΠΟΛΗ ΧΡΥΣΟΧΟΥΣ, ΠΕΛΑΘΟΥΣΑ",1,638,32.4737,35.0275,26594,
POLI_CHRYSOCHOUS_POLI_CHRYSOCHOUS.kml,"POLI CHRYSOCHOUS, POLI CHRYSOCHOUS",6,343,6343,"POLI CHRYSOCHOUS, POLI CHRYSOCHOUS","ΠΟΛΗ ΧΡΥΣΟΧΟΥΣ, ΠΟΛΗ ΧΡΥΣΟΧΟΥΣ",1,1095,32.4291,35.034,43860,
POLI_CHRYSOCHOUS_POMOS.kml,"POLI CHRYSOCHOUS, POMOS",6,367,6367,"POLI CHRYSOCHOUS, POMOS","ΠΟΛΗ ΧΡΥΣΟΧΟΥΣ, ΠΟΜΟΣ",1,1523,32.552,35.147,60008,
POLI_CHRYSOCHOUS_TERA.kml,"POLI CHRYSOCHOUS, TERA",6,335,6335,"POLI CHRYSOCHOUS, TERA","ΠΟΛΗ ΧΡΥΣΟΧΟΥΣ, ΤΕΡΑ",1,664,32.4256,34.9786,27570,
POLYSTYPOS.kml,POLYSTYPOS,1,304,1304,POLYSTYPOS,ΠΟΛΥΣΤΥΠΟΣ,1,457,33.0161,34.9411,19699,
POTAMI.kml,POTAMI,1,330,1330,POTAMI,ΠΟΤΑΜΙ,1,1032,33.0307,35.0992,41371,
POTAMIOU.kml,POTAMIOU,5,329,5329,POTAMIOU,ΠΟΤΑΜΙΟΥ,1,476,32.8075,34.8222,20409,
POTAMITISSA.kml,POTAMITISSA,5,363,5363,POTAMITISSA,ΠΟΤΑΜΙΤΙΣΣΑ,1,433,32.9897,34.9032,18798,
PRAITORI.kml,PRAITORI,6,215,6215,PRAITORI,ΠΡΑΙΤΩΡΙ,1,802,32.7417,34.8389,32707,
PRASTIO_AMMOCHOSTO.kml,PRASTIO AMMOCHOSTO,3,211,3211,PRASTIO AMMOCHOSTO,ΠΡΑΣΤΙΟ ΑΜΜΟΧΩΣΤΟΥ,1,485,33.7525,35.1609,20752,
PRASTIO_AVDIMOU.kml,PRASTIO AVDIMOU,5,220,5220,PRASTIO AVDIMOU,ΠΡΑΣΤΙΟ ΑΥΔHΜΟΥ,1,521,32.7793,34.7259,22105,
PRASTIO_KELLAKIOU.kml,PRASTIO KELLAKIOU,5,133,5133,PRASTIO KELLAKIOU,ΠΡΑΣΤΙΟ ΚΕΛΛΑΚΙΟΥ,1,505,33.1332,34.8121,21545,
PRASTIO_LEFKOSIAS.kml,PRASTIO LEFKOSIAS,1,353,1353,PRASTIO LEFKOSIAS,ΠΡΑΣΤΙΟ ΛΕΥΚΩΣΙΑΣ,1,708,32.9334,35.1739,29220,
PRASTIO_PAFOU.kml,PRASTIO PAFOU,6,207,6207,PRASTIO PAFOU,ΠΡΑΣΤΙΟ ΠΑΦΟΥ,1,572,32.6949,34.7841,24036,
PRODROMOS.kml,PRODROMOS,5,342,5342,PRODROMOS,ΠΡΟΔΡΟΜΟΣ,1,399,32.8356,34.9463,17485,
PSATHI.kml,PSATHI,6,300,6300,PSATHI,ΨΑΘΙ,1,356,32.5344,34.894,15842,
PSEMATISMENOS.kml,PSEMATISMENOS,4,305,4305,PSEMATISMENOS,ΨΕΜΑΤΙΣΜΕΝΟΣ,1,793,33.3528,34.7608,32411,
PSEVDAS.kml,PSEVDAS,4,213,4213,PSEVDAS,ΨΕΥΔΑΣ,1,633,33.4671,34.9525,26329,
PSIMOLOFOU.kml,PSIMOLOFOU,1,229,1229,PSIMOLOFOU,ΨΗΜΟΛΟΦΟΥ,1,817,33.2844,35.0624,33272,
PSYLLATOS.kml,PSYLLATOS,3,222,3222,PSYLLATOS,ΨΥΛΛΑΤΟΣ,1,539,33.6866,35.247,22775,
PYLA.kml,PYLA,4,104,4104,PYLA,ΠΥΛΑ,1,681,33.6962,35.0025,28121,
PYRGA_AMMOCHOSTOU.kml,PYRGA AMMOCHOSTOU,3,212,3212,PYRGA AMMOCHOSTOU,ΠΥΡΓΑ ΑΜΜΟΧΩΣΤΟΥ,1,613,33.7199,35.1891,25606,
PYRGA_LARNAKAS.kml,PYRGA LARNAKAS,4,214,4214,PYRGA LARNAKAS,ΠΥΡΓΑ ΛΑΡΝΑΚΑΣ,1,422,33.443,34.9122,18409,
PYRGOS_LEMESOU.kml,PYRGOS LEMESOU,5,129,5129,PYRGOS LEMESOU,ΠΥΡΓΟΣ ΛΕΜΕΣΟΥ,1,1129,33.1832,34.7382,45113,
PYROGI.kml,PYROGI,1,122,1122,PYROGI,ΠΥΡΟΓΙ,1,672,33.4854,35.0799,27817,
RIZOKARPASO.kml,RIZOKARPASO,3,356,3356,RIZOKARPASO,ΡΙΖΟΚΑΡΠΑΣΟ,37,7450,34.4443,35.6209,291921,
SALAMIOU.kml,SALAMIOU,6,211,6211,SALAMIOU,ΣΑΛΑΜΙΟΥ,1,702,32.6834,34.8323,28938,
SANIDA.kml,SANIDA,5,132,5132,SANIDA,ΣΑΝΙΔΑ,1,531,33.1972,34.809,22471,
SANTALARIS.kml,SANTALARIS,3,214,3214,SANTALARIS,ΣΑΝΤΑΛΑΡΗΣ,1,604,33.8039,35.2066,25254,
SARAMA.kml,SARAMA,6,312,6312,SARAMA,ΣΑΡΑΜΑ,1,526,32.5346,34.9605,22278,
SARANTI.kml,SARANTI,1,306,1306,SARANTI,ΣΑΡΑΝΤΙ,1,897,33.0111,34.9774,36306,
SELLADI_TOU_APPI.kml,SELLADI TOU APPI,1,458,1458,SELLADI TOU APPI,ΣΕΛΛΑΔΙ ΤΟΥ ΑΠΠΗ,1,536,32.6185,35.1547,22693,
SIA.kml,SIA,1,100,1100,SIA,ΣΙΑ,1,625,33.3875,34.9537,25978,
SICHARI.kml,SICHARI,2,104,2104,SICHARI,ΣΙΧΑΡΙ,1,1344,33.3753,35.2612,53158,
SILIKOU.kml,SILIKOU,5,313,5313,SILIKOU,ΣΙΛΙΚΟΥ,1,718,32.886,34.8268,29532,
SIMOU.kml,SIMOU,6,310,6310,SIMOU,ΣΙΜΟΥ,1,837,32.4996,34.9491,34014,
SINAOROS.kml,SINAOROS,1,407,1407,SINAOROS,ΣΙΝΑΟΡΟΣ,1,352,32.9081,35.0097,15699,
SINTA.kml,SINTA,3,205,3205,SINTA,ΣΙΝΤΑ,1,730,33.7039,35.162,29953,
SKOULLI.kml,SKOULLI,6,337,6337,SKOULLI,ΣΚΟΥΛΛΗ,1,383,32.4596,34.9753,16869,
SKOURIOTISSA.kml,SKOURIOTISSA,1,417,1417,SKOURIOTISSA,ΣΚΟΥΡΙΩΤΙΣΣΑ,1,454,32.884,35.0948,19591,
SKYLLOURA.kml,SKYLLOURA,1,247,1247,SKYLLOURA,ΣΚΥΛΛΟΥΡΑ,1,1155,33.1643,35.2387,46054,
SOFTADES.kml,SOFTADES,4,113,4113,SOFTADES,ΣΟΦΤΑΔΕΣ,1,353,33.5455,34.8224,15747,
SOUNI_ZANAKIA.kml,SOUNI-ZANAKIA,5,300,5300,SOUNI-ZANAKIA,ΣΟΥΝΙ-ΖΑΝΑΚΙΑ,1,1090,32.8921,34.7356,43608,
SOUSKIOU.kml,SOUSKIOU,6,103,6103,SOUSKIOU,ΣΟΥΣΚΙΟΥ,1,614,32.6011,34.7417,25608,
SPATHARIKO.kml,SPATHARIKO,3,130,3130,SPATHARIKO,ΣΠΑΘΑΡΙΚΟ,1,373,33.8835,35.2345,16514,
SPILIA.kml,SPILIA,1,400,1400,SPILIA,ΣΠΗΛΙΑ,1,1022,32.9385,34.959,41004,
SPITALI.kml,SPITALI,5,102,5102,SPITALI,ΣΠΙΤΑΛΙ,1,448,33.0096,34.7649,19340,
STATOS_AGIOS_FOTIOS.kml,STATOS- AGIOS FOTIOS,6,227,6227,STATOS- AGIOS FOTIOS,ΣΤΑΤΟΣ- ΑΓΙΟΣ ΦΩΤΙΟΣ,1,802,32.5993,34.8816,32765,
STAVROKONNOU.kml,STAVROKONNOU,6,206,6206,STAVROKONNOU,ΣΤΑΥΡΟΚΟΝΝΟΥ,1,606,32.6206,34.7874,25322,
STENI.kml,STENI,6,368,6368,STENI,ΣΤΕΝΗ,1,869,32.4675,35.0059,35240,
STRONGYLOS.kml,STRONGYLOS,3,204,3204,STRONGYLOS,ΣΤΡΟΓΓΥΛΟΣ,1,588,33.6515,35.1699,24639,
STROUMPI.kml,STROUMPI,6,122,6122,STROUMPI,ΣΤΡΟΥΜΠΙ,1,1005,32.4755,34.8907,40394,
STROVOLOS.kml,STROVOLOS,1,12,1012,STROVOLOS,ΣΤΡΟΒΟΛΟΣ,1,1080,33.3454,35.132,43217,
STYLLOI.kml,STYLLOI,3,122,3122,STYLLOI,ΣΤΥΛΛΟΙ,1,697,33.8383,35.1597,28735,
SYGKRASI.kml,SYGKRASI,3,134,3134,SYGKRASI,ΣΥΓΚΡΑΣΗ,1,1098,33.8504,35.2908,43875,
SYKOPETRA.kml,SYKOPETRA,5,144,5144,SYKOPETRA,ΣΥΚΟΠΕΤΡΑ,1,809,33.1057,34.8825,32984,
SYRIANOCHORI.kml,SYRIANOCHORI,1,355,1355,SYRIANOCHORI,ΣΥΡΙΑΝΟΧΩΡΙ,1,424,32.9339,35.2173,18452,
SYSKLIPOS.kml,SYSKLIPOS,2,121,2121,SYSKLIPOS,ΣΥΣΚΛΗΠΟΣ,1,646,33.1763,35.2933,26797,
TALA.kml,TALA,6,26,6026,TALA,ΤΑΛΑ,1,646,32.433,34.8389,26791,
TAVROU.kml,TAVROU,3,332,3332,TAVROU,ΤΑΥΡΟΥ,1,606,34.0705,35.3938,25299,
TEMPLOS.kml,TEMPLOS,2,210,2210,TEMPLOS,ΤΕΜΠΛΟΣ,1,653,33.291,35.3284,27081,
TEMVRIA.kml,TEMVRIA,1,409,1409,TEMVRIA,ΤΕΜΒΡΙΑ,1,680,32.884,35.0269,28088,
THELETRA.kml,THELETRA,6,330,6330,THELETRA,ΘΕΛΕΤΡΑ,1,655,32.4554,34.916,27176,
THERMEIA.kml,THERMEIA,2,208,2208,THERMEIA,ΘΕΡΜΕΙΑ,1,209,33.3319,35.3235,10293,
THRINIA.kml,THRINIA,6,303,6303,THRINIA,ΘΡΙΝΙΑ,1,423,32.5188,34.9107,18378,
TOCHNI.kml,TOCHNI,4,303,4303,TOCHNI,ΤΟΧΝΗ,1,993,33.3195,34.7676,39914,
TRACHONAS.kml,TRACHONAS,1,15,1015,TRACHONAS,ΤΡΑΧΩΝΑΣ,1,482,33.3537,35.2125,20628,
TRACHONI_LEFKOSIAS.kml,TRACHONI LEFKOSIAS,1,137,1137,TRACHONI LEFKOSIAS,ΤΡΑΧΩΝΙ ΛΕΥΚΩΣΙΑΣ,1,397,33.4799,35.2171,17446,
TRACHYPEDOULA.kml,TRACHYPEDOULA,6,208,6208,TRACHYPEDOULA,ΤΡΑΧΥΠΕΔΟΥΛΑ,1,640,32.6769,34.7984,26618,
TRAPEZA.kml,TRAPEZA,2,203,2203,TRAPEZA,ΤΡΑΠΕΖΑ,1,678,33.4738,35.3053,28014,
TREIS_ELIES.kml,TREIS ELIES,5,344,5344,TREIS ELIES,ΤΡΕΙΣ ΕΛΙΕΣ,1,563,32.7946,34.9353,23676,
TREMETOUSIA.kml,TREMETOUSIA,4,204,4204,TREMETOUSIA,ΤΡΕΜΕΤΟΥΣΙΑ,1,541,33.607,35.0891,22865,
TREMITHOUSA.kml,TREMITHOUSA,6,23,6023,TREMITHOUSA,ΤΡΕΜΙΘΟΥΣΑ,1,667,32.4443,34.8192,27657,
TRIKOMO.kml,TRIKOMO,3,136,3136,TRIKOMO,ΤΡΙΚΩΜΟ,1,2040,33.8927,35.3013,79593,
TRIMIKLINI.kml,TRIMIKLINI,5,315,5315,TRIMIKLINI,ΤΡΙΜΗΚΛΗΝΗ,1,596,32.9143,34.8503,24937,
TRIMITHI.kml,TRIMITHI,2,213,2213,TRIMITHI,ΤΡΙΜΙΘΙ,1,344,33.2565,35.3341,15413,
TRIMITHOUSA.kml,TRIMITHOUSA,6,314,6314,TRIMITHOUSA,ΤΡΙΜΙΘΟΥΣΑ,1,377,32.4825,34.9741,16659,
TROODOS.kml,TROODOS,5,356,5356,TROODOS,ΤΡΟΟΔΟΣ,1,244,32.882,34.9307,11627,
TRYPIMENI.kml,TRYPIMENI,3,239,3239,TRYPIMENI,ΤΡΥΠΗΜΕΝΗ,1,1063,33.6272,35.2953,42568,
TSADA.kml,TSADA,6,120,6120,TSADA,ΤΣΑΔΑ,1,1269,32.487,34.831,50333,
TSAKISTRA.kml,TSAKISTRA,1,426,1426,TSAKISTRA,ΤΣΑΚΙΣΤΡΑ,1,1439,32.72,35.0067,56796,
TYMVOU.kml,TYMVOU,1,125,1125,TYMVOU,ΤΥΜΒΟΥ,1,986,33.5019,35.1391,39630,
VARISEIA.kml,VARISEIA,1,450,1450,VARISEIA,ΒΑΡΙΣΕΙΑ,1,479,32.7459,35.1175,20516,
VASA_KELLAKIOU.kml,VASA KELLAKIOU,5,131,5131,VASA KELLAKIOU,ΒΑΣΑ ΚΕΛΛΑΚΙΟΥ,1,883,33.2248,34.8011,35828,
VASA_KOILANIOU.kml,VASA KOILANIOU,5,325,5325,VASA KOILANIOU,ΒΑΣΑ ΚΟΙΛΑΝΙΟΥ,1,1035,32.7854,34.8359,41547,
VASILEIA.kml,VASILEIA,2,223,2223,VASILEIA,ΒΑΣΙΛΕΙΑ,1,1898,33.0946,35.3509,74090,
VASILI.kml,VASILI,3,344,3344,VASILI,ΒΑΣΙΛΙ,1,712,34.1584,35.4611,29283,
VATILI.kml,VATILI,3,203,3203,VATILI,ΒΑΤΙΛΗ,1,1230,33.6612,35.1544,48844,
VAVATSINIA.kml,VAVATSINIA,4,319,4319,VAVATSINIA,ΒΑΒΑΤΣΙΝΙΑ,1,579,33.2349,34.8852,24304,
VIKLA.kml,VIKLA,5,135,5135,VIKLA,ΒΙΚΛΑ,1,360,33.2027,34.8271,16000,
VITSADA.kml,VITSADA,3,235,3235,VITSADA,ΒΙΤΣΑΔΑ,1,646,33.6533,35.2322,26797,
VOKOLIDA.kml,VOKOLIDA,3,331,3331,VOKOLIDA,ΒΟΚΟΛΙΔΑ,1,639,34.0692,35.3733,26552,
VONI.kml,VONI,1,136,1136,VONI,ΒΩΝΗ,1,673,33.5037,35.2194,27816,
VOTHYLAKAS.kml,VOTHYLAKAS,3,342,3342,VOTHYLAKAS,ΒΟΘΥΛΑΚΑΣ,1,751,34.2013,35.466,30788,
VOUNI.kml,VOUNI,5,326,5326,VOUNI,ΒΟΥΝΙ,1,899,32.8282,34.8174,36378,
VOUNO.kml,VOUNO,2,103,2103,VOUNO,ΒΟΥΝΟ,1,1014,33.3937,35.2605,40706,
VRETSIA.kml,VRETSIA,6,226,6226,VRETSIA,ΒΡΕΤΣΙΑ,1,587,32.6664,34.8973,24580,
VYZAKIA.kml,VYZAKIA,1,323,1323,VYZAKIA,ΒΥΖΑΚΙΑ,1,991,33.0199,35.0745,39870,
XEROVOUNOS.kml,XEROVOUNOS,1,452,1452,XEROVOUNOS,ΞΕΡΟΒΟΥΝΟΣ,2,1290,32.7254,35.1412,51360,
XYLIATOS.kml,XYLIATOS,1,320,1320,XYLIATOS,ΞΥΛΙΑΤΟΣ,1,1433,33.0405,35.0269,56562,
XYLOFAGOU.kml,XYLOFAGOU,4,107,4107,XYLOFAGOU,ΞΥΛΟΦΑΓΟΥ,1,2975,33.8515,34.9668,114808,
XYLOTYMVOU.kml,XYLOTYMVOU,4,105,4105,XYLOTYMVOU,ΞΥΛΟΤΥΜΒΟΥ,1,1000,33.7466,35.0137,40182,
ZACHARIA.kml,ZACHARIA,6,317,6317,ZACHARIA,ΖΑΧΑΡΙΑ,1,726,32.5418,34.9853,29826,
ZOOPIGI.kml,ZOOPIGI,5,147,5147,ZOOPIGI,ΖΩΟΠΗΓΗ,1,789,33.0024,34.8642,32229,
ZYGI.kml,ZYGI,4,300,4300,ZYGI,ΖΥΓΙ,1,290,33.3375,34.7311,13344,
