file,name,NAME_GR,NAME_ENG,DISTRICT_N,SHAPE.AREA,SHAPE.LEN,polygons,vertices,centroid_lon,centroid_lat,bytes,simplified_tolerance_deg
DIMOS_AGIAS_NAPAS.kml,Dimos Agias Napas,Δήμος Αγίας Νάπας,Dimos Agias Napas,ΑΜΜΟΧΩΣΤΟΣ,"149885138,94329","145498,234869",5,7548,33.9488,34.9977,288585,
DIMOS_AKAMA.kml,Dimos Akama,Δήμος Ακάμα,Dimos Akama,ΠΑΦΟΣ,"141602321,76923","85760,87043",4,6799,32.3494,34.8986,259986,
DIMOS_AMATHOUNTAS.kml,Dimos Amathountas,Δήμος Αμαθούντας,Dimos Amathountas,ΛΕΜΕΣΟΣ,"92613175,772943","58883,380188",1,2073,33.0866,34.7248,80829,
DIMOS_ANATOLIKIS_PAFOU.kml,Dimos Anatolikis Pafou,Δήμος Ανατολικής Πάφου,Dimos Anatolikis Pafou,ΠΑΦΟΣ,"42619662,857724","40176,958087",1,1423,32.4726,34.7549,56306,
DIMOS_ARADIPPOU.kml,Dimos Aradippou,Δήμος Αραδίππου,Dimos Aradippou,ΛΑΡΝΑΚΑ,"110569966,42618","116906,376513",1,2670,33.5771,34.9711,103372,
DIMOS_ATHIENOU.kml,Dimos Athienou,Δήμος Αθιένου,Dimos Athienou,ΛΑΡΝΑΚΑ,"92197668,97601","80220,626662",1,2144,33.5378,35.045,83518,
DIMOS_DROMOLAXIAS_MENEOU.kml,Dimos Dromolaxias-Meneou,Δήμος Δρομολαξιάς-Μενεού,Dimos Dromolaxias-Meneou,ΛΑΡΝΑΚΑ,"57643915,520205","51512,07524",1,1099,33.5821,34.8637,44060,
DIMOS_KOURIOU.kml,Dimos Kouriou,Δήμος Κουρίου,Dimos Kouriou,ΛΕΜΕΣΟΣ,"179898235,429126","111425,853203",1,2907,32.9267,34.6558,112333,
DIMOS_LAKATAMEIAS.kml,Dimos Lakatameias,Δήμος Λακατάμειας,Dimos Lakatameias,ΛΕΥΚΩΣΙΑ,"54997145,290078","63289,864524",1,2899,33.3163,35.0902,112028,
DIMOS_LARNAKAS.kml,Dimos Larnakas,Δήμος Λάρνακας,Dimos Larnakas,ΛΑΡΝΑΚΑ,"56906723,820323","82363,663955",1,2762,33.6304,34.9268,106874,
DIMOS_LATSION_GERIOU.kml,Dimos Latsion-Geriou,Δήμος Λατσιών-Γερίου,Dimos Latsion-Geriou,ΛΕΥΚΩΣΙΑ,"49514129,462579","55583,953521",1,1943,33.405,35.1005,75985,
DIMOS_LEFKARON.kml,Dimos Lefkaron,Δήμος Λευκάρων,Dimos Lefkaron,ΛΑΡΝΑΚΑ,"152368775,480946","113278,595395",1,2898,33.3089,34.8564,111996,
DIMOS_LEFKOSIAS.kml,Dimos Lefkosias,Δήμος Λευκωσίας,Dimos Lefkosias,ΛΕΥΚΩΣΙΑ,"103455935,096801","81615,73926",1,3087,33.373,35.1695,119124,
DIMOS_LEMESOU.kml,Dimos Lemesou,Δήμος Λεμεσού,Dimos Lemesou,ΛΕΜΕΣΟΣ,"44667998,852445","66415,301781",1,1958,33.0252,34.6862,76429,
DIMOS_NOTIAS_LEFKOSIAS_IDALIOU.kml,Dimos Notias Lefkosias-Idaliou,Δήμος Νότιας Λευκωσίας-Ιδαλίου,Dimos Notias Lefkosias-Idaliou,ΛΕΥΚΩΣΙΑ,"111278861,27182","102180,36955",1,3300,33.4202,35.025,127348,
DIMOS_PAFOU.kml,Dimos Pafou,Δήμος Πάφου,Dimos Pafou,ΠΑΦΟΣ,"16993284,480909","30245,106283",1,3926,32.4183,34.7695,150794,
DIMOS_PARALIMNIOU_DERYNEIAS.kml,Dimos Paralimniou-Deryneias,Δήμος Παραλιμνίου-Δερύνειας,Dimos Paralimniou-Deryneias,ΑΜΜΟΧΩΣΤΟΣ,"152219172,707973","128123,340745",2,5350,33.9704,35.0481,204952,
DIMOS_POLEMIDION.kml,Dimos Polemidion,Δήμος Πολεμιδιών,Dimos Polemidion,ΛΕΜΕΣΟΣ,"23550593,652794","38475,373775",1,857,32.9841,34.6977,34901,
DIMOS_POLIS_CHRYSOCHOUS.kml,Dimos Polis Chrysochous,Δήμος Πόλις Χρυσοχούς,Dimos Polis Chrysochous,ΠΑΦΟΣ,"247977298,966394","149918,094291",6,7611,32.4041,35.0559,291226,
DIMOS_STROVOLOU.kml,Dimos Strovolou,Δήμος Στροβόλου,Dimos Strovolou,ΛΕΥΚΩΣΙΑ,"25288641,497876","31214,979919",1,1080,33.3454,35.132,43314,
LARNAKA_COMMUNITY_CLUSTER_A.kml,LARNAKA Community Cluster A,Σύμπλεγμα Α,"Community Cluster ""Α""",ΛΑΡΝΑΚΑ,"177961386,371564","133549,940487",2,5883,33.779,34.9964,225018,
LARNAKA_COMMUNITY_CLUSTER_B.kml,LARNAKA Community Cluster B,Σύμπλεγμα Β,"Community Cluster ""Β""",ΛΑΡΝΑΚΑ,"150089909,349029","91691,758687",1,1818,33.4751,34.8367,71179,
LARNAKA_COMMUNITY_CLUSTER_D.kml,LARNAKA Community Cluster D,Σύμπλεγμα Δ,"Community Cluster ""Δ""",ΛΑΡΝΑΚΑ,"91342662,716675","115254,730517",2,3210,33.2397,34.8502,124061,
LARNAKA_COMMUNITY_CLUSTER_E.kml,LARNAKA Community Cluster E,Σύμπλεγμα Ε,"Community Cluster ""Ε""",ΛΑΡΝΑΚΑ,"129027749,687297","79791,137625",1,2122,33.3387,34.7702,82684,
LARNAKA_COMMUNITY_CLUSTER_G.kml,LARNAKA Community Cluster G,Σύμπλεγμα Γ,"Community Cluster ""Γ""",ΛΑΡΝΑΚΑ,"104156920,391352","72924,047321",1,1435,33.4897,34.9318,56743,
LEFKOSIA_COMMUNITY_CLUSTER_A.kml,LEFKOSIA Community Cluster A,Σύμπλεγμα Α,"Community Cluster ""Α""",ΛΕΥΚΩΣΙΑ,"135161680,560908","103579,904652",1,3274,33.3342,34.9956,126219,
LEFKOSIA_COMMUNITY_CLUSTER_B.kml,LEFKOSIA Community Cluster B,Σύμπλεγμα Β,"Community Cluster ""Β""",ΛΕΥΚΩΣΙΑ,"129025231,944241","94516,878657",1,3684,33.2603,35.0477,141695,
LEFKOSIA_COMMUNITY_CLUSTER_D.kml,LEFKOSIA Community Cluster D,Σύμπλεγμα Δ,"Community Cluster ""Δ""",ΛΕΥΚΩΣΙΑ,"116379104,528439","71996,640585",1,2409,33.0805,34.9579,93540,
LEFKOSIA_COMMUNITY_CLUSTER_E.kml,LEFKOSIA Community Cluster E,Σύμπλεγμα Ε,"Community Cluster ""Ε""",ΛΕΥΚΩΣΙΑ,"266496275,008661","142316,100523",1,4139,33.0465,35.0841,158891,
LEFKOSIA_COMMUNITY_CLUSTER_G.kml,LEFKOSIA Community Cluster G,Σύμπλεγμα Γ,"Community Cluster ""Γ""",ΛΕΥΚΩΣΙΑ,"196185542,569566","138263,418188",1,3837,33.1663,34.9911,147469,
LEFKOSIA_COMMUNITY_CLUSTER_H.kml,LEFKOSIA Community Cluster H,Σύμπλεγμα Η,"Community Cluster ""Η""",ΛΕΥΚΩΣΙΑ,"279076021,30147","123042,762331",1,4129,32.7535,34.9981,158480,
LEFKOSIA_COMMUNITY_CLUSTER_ST.kml,LEFKOSIA Community Cluster ST,Σύμπλεγμα ΣΤ,"Community Cluster ""ΣΤ""",ΛΕΥΚΩΣΙΑ,"135193543,797416","121409,231379",1,3851,33.1952,35.1336,148014,
LEFKOSIA_COMMUNITY_CLUSTER_TH.kml,LEFKOSIA Community Cluster TH,Σύμπλεγμα Θ,"Community Cluster ""Θ""",ΛΕΥΚΩΣΙΑ,"76843250,669248","68902,587481",2,3463,32.6364,35.1641,133639,
LEFKOSIA_COMMUNITY_CLUSTER_Z.kml,LEFKOSIA Community Cluster Z,Σύμπλεγμα Ζ,"Community Cluster ""Ζ""",ΛΕΥΚΩΣΙΑ,"142578002,992563","78472,214963",1,2748,32.9071,35.0226,106333,
LEMESOS_COMMUNITY_CLUSTER_A.kml,LEMESOS Community Cluster A,Σύμπλεγμα Α,"Community Cluster ""Α""",ΛΕΜΕΣΟΣ,"159441882,462018","77341,3714",1,2312,33.1965,34.7677,89877,
LEMESOS_COMMUNITY_CLUSTER_B.kml,LEMESOS Community Cluster B,Σύμπλεγμα Β,"Community Cluster ""Β""",ΛΕΜΕΣΟΣ,"137252831,204222","89500,97996",1,2547,33.1033,34.853,98786,
LEMESOS_COMMUNITY_CLUSTER_D.kml,LEMESOS Community Cluster D,Σύμπλεγμα Δ,"Community Cluster ""Δ""",ΛΕΜΕΣΟΣ,"102438363,278259","69181,262974",1,2306,32.9278,34.8035,89648,
LEMESOS_COMMUNITY_CLUSTER_E.kml,LEMESOS Community Cluster E,Σύμπλεγμα Ε,"Community Cluster ""Ε""",ΛΕΜΕΣΟΣ,"147515665,632809","76088,40664",1,3037,32.7177,34.6891,117262,
LEMESOS_COMMUNITY_CLUSTER_G.kml,LEMESOS Community Cluster G,Σύμπλεγμα Γ,"Community Cluster ""Γ""",ΛΕΜΕΣΟΣ,"68297097,014955","63951,458438",1,1733,33.0053,34.7642,67964,
LEMESOS_COMMUNITY_CLUSTER_H.kml,LEMESOS Community Cluster H,Σύμπλεγμα Η,"Community Cluster ""Η""",ΛΕΜΕΣΟΣ,"99862134,851757","60714,796429",1,2042,32.9777,34.9053,79669,
LEMESOS_COMMUNITY_CLUSTER_ST.kml,LEMESOS Community Cluster ST,Σύμπλεγμα ΣΤ,"Community Cluster ""ΣΤ""",ΛΕΜΕΣΟΣ,"204397989,804275","121992,015675",1,4034,32.8166,34.7871,154931,
LEMESOS_COMMUNITY_CLUSTER_Z.kml,LEMESOS Community Cluster Z,Σύμπλεγμα Ζ,"Community Cluster ""Ζ""",ΛΕΜΕΣΟΣ,"133519892,258012","67781,058115",1,1835,32.8518,34.8916,71817,
PAFOS_COMMUNITY_CLUSTER_A.kml,PAFOS Community Cluster A,Σύμπλεγμα Α,"Community Cluster ""Α""",ΠΑΦΟΣ,"200800653,925382","123643,483585",1,5078,32.5532,35.0174,194329,
PAFOS_COMMUNITY_CLUSTER_B.kml,PAFOS Community Cluster B,Σύμπλεγμα Β,"Community Cluster ""Β""",ΠΑΦΟΣ,"122355378,142753","78889,700725",1,3008,32.5116,34.9314,116148,
PAFOS_COMMUNITY_CLUSTER_D.kml,PAFOS Community Cluster D,Σύμπλεγμα Δ,"Community Cluster ""Δ""",ΠΑΦΟΣ,"159679509,13583","98060,936459",1,3265,32.6138,34.9083,125788,
PAFOS_COMMUNITY_CLUSTER_E.kml,PAFOS Community Cluster E,Σύμπλεγμα Ε,"Community Cluster ""Ε""",ΠΑΦΟΣ,"110042977,52942","114789,192187",1,4261,32.6037,34.728,163484,
PAFOS_COMMUNITY_CLUSTER_G.kml,PAFOS Community Cluster G,Σύμπλεγμα Γ,"Community Cluster ""Γ""",ΠΑΦΟΣ,"84278549,055589","68650,355795",1,2362,32.5238,34.8347,91745,
PAFOS_COMMUNITY_CLUSTER_H.kml,PAFOS Community Cluster H,Σύμπλεγμα Η,"Community Cluster ""Η""",ΠΑΦΟΣ,"12702734,520238","19265,049755",1,1424,32.4072,34.8004,56284,
PAFOS_COMMUNITY_CLUSTER_ST.kml,PAFOS Community Cluster ST,Σύμπλεγμα ΣΤ,"Community Cluster ""ΣΤ""",ΠΑΦΟΣ,"58856823,644099","71104,169251",1,2731,32.4651,34.8202,105730,
PAFOS_COMMUNITY_CLUSTER_Z.kml,PAFOS Community Cluster Z,Σύμπλεγμα Ζ,"Community Cluster ""Ζ""",ΠΑΦΟΣ,"196347941,455865","103606,952719",1,2952,32.6942,34.8246,114020,
