file,name,DIST_CODE,VIL_CODE,QRTR_CODE,QRTR_NM_E,QRTR_NM_G,VIL_CCD,QRTR_CCD,polygons,vertices,centroid_lon,centroid_lat,bytes,simplified_tolerance_deg
AIGIALOUSA_ARCHANGELOS.kml,AIGIALOUSA ARCHANGELOS,3,352,1,ARCHANGELOS,ΑΡΧΑΓΓΕΛΟΣ,3352,335201,1,3111,34.2376,35.5463,120104,
AIGIALOUSA_KALAMIA.kml,AIGIALOUSA KALAMIA,3,352,2,KALAMIA,ΚΑΛΑΜΙΑ,3352,335202,1,775,34.1721,35.5395,31897,
AMATHOUNTA_AG_ATHANASIOS_AGIOS_ATHANASIOS.kml,"AMATHOUNTA, AG. ATHANASIOS AGIOS ATHANASIOS",5,12,4,AGIOS ATHANASIOS,ΑΓΙΟΣ ΑΘΑΝΑΣΙΟΣ,5012,501204,1,734,33.0525,34.7289,30418,
AMATHOUNTA_AG_ATHANASIOS_AGIOS_STYLIANOS.kml,"AMATHOUNTA, AG. ATHANASIOS AGIOS STYLIANOS",5,12,2,AGIOS STYLIANOS,ΑΓΙΟΣ ΣΤΥΛΙΑΝΟΣ,5012,501202,1,182,33.0642,34.7012,9557,
AMATHOUNTA_AG_ATHANASIOS_AG_GEORGIOS_FRAGK.kml,"AMATHOUNTA, AG. ATHANASIOS AG GEORGIOS (FRAGK)",5,12,1,AG GEORGIOS (FRAGK),ΑΓ ΓΕΩΡΓΙΟΣ (ΦΡΑΓΚ),5012,501201,1,175,33.0713,34.6918,9319,
AMATHOUNTA_AG_ATHANASIOS_APOSTOLOS_LOUKAS.kml,"AMATHOUNTA, AG. ATHANASIOS APOSTOLOS LOUKAS",5,12,3,APOSTOLOS LOUKAS,ΑΠΟΣΤΟΛΟΣ ΛΟΥΚΑΣ,5012,501203,1,68,33.0554,34.7084,5255,
AMATHOUNTA_GERMASOGEIA_AGIA_PARASKEVI.kml,"AMATHOUNTA, GERMASOGEIA AGIA PARASKEVI",5,13,1,AGIA PARASKEVI,ΑΓΙΑ ΠΑΡΑΣΚΕΥΗ,5013,501301,1,757,33.0769,34.7367,31265,
AMATHOUNTA_GERMASOGEIA_POTAMOS_GERMASOGEIAS.kml,"AMATHOUNTA, GERMASOGEIA POTAMOS GERMASOGEIAS",5,13,2,POTAMOS GERMASOGEIAS,ΠΟΤΑΜΟΣ ΓΕΡΜΑΣΟΓΕΙΑΣ,5013,501302,1,787,33.0908,34.7002,32444,
ANATOLIKI_PAFOS_GEROSKIPOU_GEROSKIPOU.kml,"ANATOLIKI PAFOS, GEROSKIPOU GEROSKIPOU",6,10,1,GEROSKIPOU,ΓΕΡΟΣΚΗΠΟΥ,6010,601001,1,670,32.449,34.7553,27975,
ANATOLIKI_PAFOS_GEROSKIPOU_KOLONI.kml,"ANATOLIKI PAFOS, GEROSKIPOU KOLONI",6,10,2,KOLONI,ΚΟΛΩΝΗ,6010,601002,1,376,32.4677,34.7459,16847,
ARADIPPOU_ARADIPPOU_AGIOS_FANOURIOS.kml,"ARADIPPOU, ARADIPPOU AGIOS FANOURIOS",4,10,1,AGIOS FANOURIOS,ΑΓΙΟΣ ΦΑΝΟΥΡΙΟΣ,4010,401001,1,614,33.5851,34.9332,25862,
ARADIPPOU_ARADIPPOU_APOSTOLOS_LOUKAS.kml,"ARADIPPOU, ARADIPPOU APOSTOLOS LOUKAS",4,10,2,APOSTOLOS LOUKAS,ΑΠΟΣΤΟΛΟΣ ΛΟΥΚΑΣ,4010,401002,1,1133,33.5817,34.9714,45477,
ARADIPPOU_ARADIPPOU_VLACHOS.kml,"ARADIPPOU, ARADIPPOU VLACHOS",4,10,3,VLACHOS,ΒΛΑΧΟΣ,4010,401003,1,412,33.5771,34.9093,18198,
DIMOS_AMMOCHOSTOU_AGIA_ZONI.kml,DIMOS AMMOCHOSTOU AGIA ZONI,3,0,9,AGIA ZONI,ΑΓΙΑ ΖΩΝΗ,3000,300009,1,165,33.9505,35.1064,8880,
DIMOS_AMMOCHOSTOU_AGIOS_GEORGIOS.kml,DIMOS AMMOCHOSTOU AGIOS GEORGIOS,3,0,8,AGIOS GEORGIOS,ΑΓΙΟΣ ΓΕΩΡΓΙΟΣ,3000,300008,1,294,33.9386,35.0936,13772,
DIMOS_AMMOCHOSTOU_AGIOS_IOANNIS.kml,DIMOS AMMOCHOSTOU AGIOS IOANNIS,3,0,3,AGIOS IOANNIS,ΑΓΙΟΣ ΙΩΑΝΝΗΣ,3000,300003,5,2010,33.9565,35.1197,79462,
DIMOS_AMMOCHOSTOU_AGIOS_LOUKAS.kml,DIMOS AMMOCHOSTOU AGIOS LOUKAS,3,0,4,AGIOS LOUKAS,ΑΓΙΟΣ ΛΟΥΚΑΣ,3000,300004,1,439,33.9026,35.1267,19232,
DIMOS_AMMOCHOSTOU_AGIOS_MEMNON.kml,DIMOS AMMOCHOSTOU AGIOS MEMNON,3,0,5,AGIOS MEMNON,ΑΓΙΟΣ ΜΕΜΝΩΝ,3000,300005,1,453,33.9702,35.0871,19749,
DIMOS_AMMOCHOSTOU_AGIOS_NIKOLAOS.kml,DIMOS AMMOCHOSTOU AGIOS NIKOLAOS,3,0,6,AGIOS NIKOLAOS,ΑΓΙΟΣ ΝΙΚΟΛΑΟΣ,3000,300006,1,217,33.9535,35.112,10862,
DIMOS_AMMOCHOSTOU_AKROPOLIS.kml,DIMOS AMMOCHOSTOU AKROPOLIS,3,0,12,AKROPOLIS,ΑΚΡΟΠΟΛΙΣ,3000,300012,1,245,33.9486,35.1,11895,
DIMOS_AMMOCHOSTOU_CHRYSI_AKTI.kml,DIMOS AMMOCHOSTOU CHRYSI AKTI,3,0,2,CHRYSI AKTI,ΧΡΥΣΗ ΑΚΤΗ,3000,300002,1,234,33.9611,35.1038,11486,
DIMOS_AMMOCHOSTOU_CHRYSOSPILIOTISSA.kml,DIMOS AMMOCHOSTOU CHRYSOSPILIOTISSA,3,0,10,CHRYSOSPILIOTISSA,ΧΡΥΣΟΣΠΗΛΙΩΤΙΣΣΑ,3000,300010,1,340,33.9291,35.1062,15522,
DIMOS_AMMOCHOSTOU_PALAIA_AMMOCHOSTOS.kml,DIMOS AMMOCHOSTOU PALAIA AMMOCHOSTOS,3,0,11,PALAIA AMMOCHOSTOS,ΠΑΛΑΙΑ ΑΜΜΟΧΩΣΤΟΣ,3000,300011,8,1860,33.9505,35.1269,74521,
DIMOS_AMMOCHOSTOU_SALAMIS.kml,DIMOS AMMOCHOSTOU SALAMIS,3,0,7,SALAMIS,ΣΑΛΑΜΙΣ,3000,300007,1,947,33.9271,35.1428,38418,
DIMOS_AMMOCHOSTOU_STAVROS.kml,DIMOS AMMOCHOSTOU STAVROS,3,0,1,STAVROS,ΣΤΑΥΡΟΣ,3000,300001,1,106,33.9562,35.0999,6626,
DIMOS_KARAVA_AGIOS_ANDREAS.kml,DIMOS KARAVA AGIOS ANDREAS,2,217,4,AGIOS ANDREAS,ΑΓΙΟΣ ΑΝΔΡΕΑΣ,2217,221704,3,1091,33.227,35.3386,44330,
DIMOS_KARAVA_EXO_GEITONIA.kml,DIMOS KARAVA EXO GEITONIA,2,217,2,EXO GEITONIA,ΕΞΩ ΓΕΙΤΟΝΙΑ,2217,221702,1,266,33.1918,35.3436,12705,
DIMOS_KARAVA_PANO_GEITONIA.kml,DIMOS KARAVA PANO GEITONIA,2,217,1,PANO GEITONIA,ΠΑΝΩ ΓΕΙΤΟΝΙΑ,2217,221701,1,454,33.1966,35.3298,19787,
DIMOS_KARAVA_PETROGEITONIA.kml,DIMOS KARAVA PETROGEITONIA,2,217,3,PETROGEITONIA,ΠΕΤΡΟΓΕΙΤΟΝΙΑ,2217,221703,1,708,33.2025,35.349,29404,
DIMOS_KERYNEIAS_KATO_KERYNEIA.kml,DIMOS KERYNEIAS KATO KERYNEIA,2,0,2,KATO KERYNEIA,ΚΑΤΩ ΚΕΡΥΝΕΙΑ,2000,200002,3,1283,33.315,35.3422,51566,
DIMOS_KERYNEIAS_PANO_KERYNEIA.kml,DIMOS KERYNEIAS PANO KERYNEIA,2,0,1,PANO KERYNEIA,ΠΑΝΩ ΚΕΡΥΝΕΙΑ,2000,200001,1,761,33.3174,35.3305,31395,
DIMOS_KYTHREAS_AGIA_MARINA.kml,DIMOS KYTHREAS AGIA MARINA,1,139,1,AGIA MARINA,ΑΓΙΑ ΜΑΡΙΝΑ,1139,113901,1,999,33.4641,35.2424,40392,
DIMOS_KYTHREAS_AGIOS_ANDRONIKOS.kml,DIMOS KYTHREAS AGIOS ANDRONIKOS,1,139,2,AGIOS ANDRONIKOS,ΑΓΙΟΣ ΑΝΔΡΟΝΙΚΟΣ,1139,113902,1,658,33.4937,35.2483,27509,
DIMOS_KYTHREAS_AGIOS_GEORGIOS.kml,DIMOS KYTHREAS AGIOS GEORGIOS,1,139,3,AGIOS GEORGIOS,ΑΓΙΟΣ ΓΕΩΡΓΙΟΣ,1139,113903,1,472,33.4672,35.2523,20483,
DIMOS_KYTHREAS_CHARDAKIOTISSA.kml,DIMOS KYTHREAS CHARDAKIOTISSA,1,139,5,CHARDAKIOTISSA,ΧΑΡΔΑΚΙΩΤΙΣΣΑ,1139,113905,1,630,33.4735,35.2655,26469,
DIMOS_KYTHREAS_CHRYSIDA.kml,DIMOS KYTHREAS CHRYSIDA,1,139,6,CHRYSIDA,ΧΡΥΣΙΔΑ,1139,113906,1,165,33.4875,35.2372,8867,
DIMOS_KYTHREAS_SYRGANIA.kml,DIMOS KYTHREAS SYRGANIA,1,139,4,SYRGANIA,ΣΥΡΓΑΝΙΑ,1139,113904,1,1016,33.5054,35.2705,41011,
DIMOS_LAPITHOU_AGIA_ANASTASIA.kml,DIMOS LAPITHOU AGIA ANASTASIA,2,222,4,AGIA ANASTASIA,ΑΓΙΑ ΑΝΑΣΤΑΣΙΑ,2222,222204,1,474,33.18,35.3305,20552,
DIMOS_LAPITHOU_AGIA_PARASKEVI.kml,DIMOS LAPITHOU AGIA PARASKEVI,2,222,1,AGIA PARASKEVI,ΑΓΙΑ ΠΑΡΑΣΚΕΥΗ,2222,222201,1,438,33.1609,35.3347,19203,
DIMOS_LAPITHOU_AGIOS_LOUKAS.kml,DIMOS LAPITHOU AGIOS LOUKAS,2,222,3,AGIOS LOUKAS,ΑΓΙΟΣ ΛΟΥΚΑΣ,2222,222203,1,638,33.1813,35.3397,26766,
DIMOS_LAPITHOU_AGIOS_MINAS.kml,DIMOS LAPITHOU AGIOS MINAS,2,222,2,AGIOS MINAS,ΑΓΙΟΣ ΜΗΝΑΣ,2222,222202,1,159,33.1834,35.3385,8657,
DIMOS_LAPITHOU_AGIOS_THEODOROS.kml,DIMOS LAPITHOU AGIOS THEODOROS,2,222,5,AGIOS THEODOROS,ΑΓΟΣ ΘΕΟΔΩΡΟΣ,2222,222205,1,797,33.1545,35.348,32744,
DIMOS_LAPITHOU_PRODROMOS.kml,DIMOS LAPITHOU PRODROMOS,2,222,7,PRODROMOS,ΠΡΟΔΡΟΜΟΣ,2222,222207,1,204,33.1725,35.3376,10329,
DIMOS_LAPITHOU_TOURKIKI_SYNOIKIA.kml,DIMOS LAPITHOU TOURKIKI SYNOIKIA,2,222,6,TOURKIKI SYNOIKIA,ΤΟΥΡΚΙΚΗ ΣΥΝΟΙΚΙΑ,2222,222206,1,367,33.1714,35.3413,16535,
DIMOS_MORFOU_AGIA_PARASKEVI.kml,DIMOS MORFOU AGIA PARASKEVI,1,340,1,AGIA PARASKEVI,ΑΓΙΑ ΠΑΡΑΣΚΕΥΗ,1340,134001,1,565,33.01,35.1964,24013,
DIMOS_MORFOU_AGIOS_GEORGIOS.kml,DIMOS MORFOU AGIOS GEORGIOS,1,340,2,AGIOS GEORGIOS,ΑΓΙΟΣ ΓΕΩΡΓΙΟΣ,1340,134002,1,953,32.9704,35.2398,38663,
DIMOS_MORFOU_AGIOS_MAMAS.kml,DIMOS MORFOU AGIOS MAMAS,1,340,3,AGIOS MAMAS,ΑΓΙΟΣ ΜΑΜΑΣ,1340,134003,1,741,32.9682,35.197,30633,
DIMOS_MORFOU_CHRYSILIOU.kml,DIMOS MORFOU CHRYSILIOU,1,340,4,CHRYSILIOU,ΧΡΥΣΗΛΙΟΥ,1340,134004,1,321,33.0228,35.2163,14768,
DROMOLAXIA_MENEOU_D_XIA_MENEOU_DROMOLAXIA.kml,"DROMOLAXIA-MENEOU,D/XIA-MENEOU DROMOLAXIA",4,14,1,DROMOLAXIA,ΔΡΟΜΟΛΑΞΙΑ,4014,401401,1,617,33.5885,34.8895,25982,
DROMOLAXIA_MENEOU_D_XIA_MENEOU_MENEOU.kml,"DROMOLAXIA-MENEOU,D/XIA-MENEOU MENEOU",4,14,2,MENEOU,ΜΕΝΕΟΥ,4014,401402,1,389,33.6023,34.853,17330,
KARAVOSTASI_POTAMOS_TOU_KAMPOU.kml,KARAVOSTASI POTAMOS TOU KAMPOU,1,439,3,POTAMOS TOU KAMPOU,ΠΟΤΑΜΟΣ ΤΟΥ ΚΑΜΠΟΥ,1439,143903,1,361,32.8018,35.1426,16338,
KARAVOSTASI_SOLOI.kml,KARAVOSTASI SOLOI,1,439,1,SOLOI,ΣΟΛΟΙ,1439,143901,1,489,32.8189,35.1404,21084,
KARAVOSTASI_XEROS.kml,KARAVOSTASI XEROS,1,439,2,XEROS,ΞΕΡΟΣ,1439,143902,1,397,32.8383,35.1415,17608,
KOURIO_KOLOSSI_AGIOS_LOUKAS.kml,"KOURIO, KOLOSSI AGIOS LOUKAS",5,210,2,AGIOS LOUKAS,ΑΓΙΟΣ ΛΟΥΚΑΣ,5210,521002,1,636,32.9367,34.6722,26676,
KOURIO_KOLOSSI_APOSTOLOS_ANDREAS.kml,"KOURIO, KOLOSSI APOSTOLOS ANDREAS",5,210,1,APOSTOLOS ANDREAS,ΑΠΟΣΤΟΛΟΣ ΑΝΔΡΕΑΣ,5210,521001,1,111,32.944,34.6808,6872,
LAKATAMEIA_LAKATAMEIA_AGIA_PARASKEVI.kml,"LAKATAMEIA, LAKATAMEIA AGIA PARASKEVI",1,21,2,AGIA PARASKEVI,ΑΓΙΑ ΠΑΡΑΣΚΕΥΗ,1021,102102,1,913,33.3319,35.1065,37153,
LAKATAMEIA_LAKATAMEIA_AGIOS_MAMAS.kml,"LAKATAMEIA, LAKATAMEIA AGIOS MAMAS",1,21,1,AGIOS MAMAS,ΑΓΙΟΣ ΜΑΜΑΣ,1021,102101,1,103,33.3188,35.1284,6551,
LAKATAMEIA_LAKATAMEIA_AGIOS_NIKOLAOS.kml,"LAKATAMEIA, LAKATAMEIA AGIOS NIKOLAOS",1,21,4,AGIOS NIKOLAOS,ΑΓΙΟΣ ΝΙΚΟΛΑΟΣ,1021,102104,1,623,33.3061,35.0963,26230,
LAKATAMEIA_LAKATAMEIA_ARCHANG_ANTHOUPOLI.kml,"LAKATAMEIA, LAKATAMEIA ARCHANG. ANTHOUPOLI",1,21,3,ARCHANG. ANTHOUPOLI,ΑΡΧΑΓΓ. ΑΝΘΟΥΠΟΛΗ,1021,102103,1,982,33.285,35.1258,39810,
LARNAKA_LARNAKA_AGIOI_ANARGYROI_I.kml,"LARNAKA, LARNAKA AGIOI ANARGYROI I",4,0,8,AGIOI ANARGYROI I,ΑΓΙΟΙ ΑΝΑΡΓΥΡΟΙ Ι,4000,400008,1,82,33.6239,34.9388,5766,
LARNAKA_LARNAKA_AGIOI_ANARGYROI_II.kml,"LARNAKA, LARNAKA AGIOI ANARGYROI II",4,0,9,AGIOI ANARGYROI II,ΑΓΙΟΙ ΑΝΑΡΓΥΡΟΙ ΙΙ,4000,400009,1,96,33.6237,34.9347,6304,
LARNAKA_LARNAKA_AGIOS_NIKOLAOS.kml,"LARNAKA, LARNAKA AGIOS NIKOLAOS",4,0,7,AGIOS NIKOLAOS,ΑΓΙΟΣ ΝΙΚΟΛΑΟΣ,4000,400007,1,950,33.606,34.907,38538,
LARNAKA_LARNAKA_ARCH_MAKARIOS_III.kml,"LARNAKA, LARNAKA ARCH. MAKARIOS III",4,0,4,ARCH. MAKARIOS III,ΑΡΧ. ΜΑΚΑΡΙΟΣ ΙΙΙ,4000,400004,1,105,33.594,34.906,6647,
LARNAKA_LARNAKA_CHRYSOPOLITISSA.kml,"LARNAKA, LARNAKA CHRYSOPOLITISSA",4,0,2,CHRYSOPOLITISSA,ΧΡΥΣΟΠΟΛΙΤΙΣΣΑ,4000,400002,1,1190,33.6402,34.9239,47651,
LARNAKA_LARNAKA_KAMARES.kml,"LARNAKA, LARNAKA KAMARES",4,0,10,KAMARES,ΚΑΜΑΡΕΣ,4000,400010,1,57,33.5986,34.9172,4784,
LARNAKA_LARNAKA_KOKKINES.kml,"LARNAKA, LARNAKA KOKKINES",4,0,6,KOKKINES,ΚΟΚΚΙΝΕΣ,4000,400006,1,137,33.6183,34.9402,7798,
LARNAKA_LARNAKA_SKALA.kml,"LARNAKA, LARNAKA SKALA",4,0,1,SKALA,ΣΚΑΛΑ,4000,400001,1,844,33.6271,34.8835,34479,
LARNAKA_LARNAKA_SOTIROS.kml,"LARNAKA, LARNAKA SOTIROS",4,0,3,SOTIROS,ΣΩΤΗΡΟΣ,4000,400003,1,388,33.6229,34.9322,17278,
LARNAKA_LARNAKA_TSAKILERO.kml,"LARNAKA, LARNAKA TSAKILERO",4,0,5,TSAKILERO,ΤΣΑΚΙΛΕΡΟ,4000,400005,1,89,33.6125,34.9362,6002,
LATSIA_GERI_LATSIA_AGIOS_ELEFTHERIOS.kml,"LATSIA - GERI, LATSIA AGIOS ELEFTHERIOS",1,23,2,AGIOS ELEFTHERIOS,ΑΓΙΟΣ ΕΛΕΥΘΕΡΙΟΣ,1023,102302,1,174,33.3848,35.1146,9257,
LATSIA_GERI_LATSIA_AGIOS_GEORGIOS.kml,"LATSIA - GERI, LATSIA AGIOS GEORGIOS",1,23,1,AGIOS GEORGIOS,ΑΓΙΟΣ ΓΕΩΡΓΙΟΣ,1023,102301,1,1301,33.3727,35.0989,51933,
LATSIA_GERI_LATSIA_ARCHANGELOS_MICHAIL.kml,"LATSIA - GERI, LATSIA ARCHANGELOS MICHAIL",1,23,3,ARCHANGELOS MICHAIL,ΑΡΧΑΓΓΕΛΟΣ ΜΙΧΑΗΛ,1023,102303,1,125,33.3886,35.1042,7408,
LEFKOSIA_AGIOS_DOMETIOS_AGIOS_GEORGIOS.kml,"LEFKOSIA, AGIOS DOMETIOS AGIOS GEORGIOS",1,10,2,AGIOS GEORGIOS,ΑΓΙΟΣ ΓΕΩΡΓΙΟΣ,1010,101002,1,816,33.3048,35.1719,33498,
LEFKOSIA_AGIOS_DOMETIOS_AGIOS_PAVLOS.kml,"LEFKOSIA, AGIOS DOMETIOS AGIOS PAVLOS",1,10,1,AGIOS PAVLOS,ΑΓΙΟΣ ΠΑΥΛΟΣ,1010,101001,1,401,33.322,35.1895,17822,
LEFKOSIA_LEFKOSIA_AGIA_SOFIA.kml,"LEFKOSIA, LEFKOSIA AGIA SOFIA",1,0,26,AGIA SOFIA,ΑΓΙΑ ΣΟΦΙΑ,1000,100026,1,220,33.3645,35.1768,10964,
LEFKOSIA_LEFKOSIA_AGIOI_OMOLOGITES.kml,"LEFKOSIA, LEFKOSIA AGIOI OMOLOGITES",1,0,16,AGIOI OMOLOGITES,ΑΓΙΟΙ ΟΜΟΛΟΓΗΤΕΣ,1000,100016,1,332,33.355,35.1602,15216,
LEFKOSIA_LEFKOSIA_AGIOS_ANDREAS.kml,"LEFKOSIA, LEFKOSIA AGIOS ANDREAS",1,0,1,AGIOS ANDREAS,ΑΓΙΟΣ ΑΝΔΡΕΑΣ,1000,100001,1,306,33.3507,35.1735,14218,
LEFKOSIA_LEFKOSIA_AGIOS_ANTONIOS.kml,"LEFKOSIA, LEFKOSIA AGIOS ANTONIOS",1,0,8,AGIOS ANTONIOS,ΑΓΙΟΣ ΑΝΤΩΝΙΟΣ,1000,100008,1,307,33.3699,35.1687,14261,
LEFKOSIA_LEFKOSIA_AGIOS_IOANNIS.kml,"LEFKOSIA, LEFKOSIA AGIOS IOANNIS",1,0,9,AGIOS IOANNIS,ΑΓΙΟΣ ΙΩΑΝΝΗΣ,1000,100009,1,124,33.3687,35.1726,7337,
LEFKOSIA_LEFKOSIA_AGIOS_KASSIANOS.kml,"LEFKOSIA, LEFKOSIA AGIOS KASSIANOS",1,0,12,AGIOS KASSIANOS,ΑΓΙΟΣ ΚΑΣΣΙΑΝΟΣ,1000,100012,1,114,33.3684,35.1771,6981,
LEFKOSIA_LEFKOSIA_AGIOS_LOUKAS.kml,"LEFKOSIA, LEFKOSIA AGIOS LOUKAS",1,0,23,AGIOS LOUKAS,ΑΓΙΟΣ ΛΟΥΚΑΣ,1000,100023,1,86,33.3657,35.1805,5903,
LEFKOSIA_LEFKOSIA_AGIOS_SAVVAS.kml,"LEFKOSIA, LEFKOSIA AGIOS SAVVAS",1,0,6,AGIOS SAVVAS,ΑΓΙΟΣ ΣΑΒΒΑΣ,1000,100006,1,114,33.3642,35.1718,6955,
LEFKOSIA_LEFKOSIA_AG_KONST_AND_ELENIS.kml,"LEFKOSIA, LEFKOSIA AG KONST. AND ELENIS",1,0,15,AG KONST. AND ELENIS,ΑΓ ΚΩΝΣΤ. ΚΑΙ ΕΛΕΝΗΣ,1000,100015,1,123,33.3767,35.1644,7339,
LEFKOSIA_LEFKOSIA_AMPNTI_TSAOUS.kml,"LEFKOSIA, LEFKOSIA AMPNTI TSAOUS",1,0,24,AMPNTI TSAOUS,ΑΜΠΝΤΙ ΤΣΑΟΥΣ,1000,100024,1,96,33.3636,35.1791,6283,
LEFKOSIA_LEFKOSIA_AMPOU_KAVOUK.kml,"LEFKOSIA, LEFKOSIA AMPOU KAVOUK",1,0,22,AMPOU KAVOUK,ΑΜΠΟΥ ΚΑΒΟΥΚ,1000,100022,1,128,33.3643,35.1812,7492,
LEFKOSIA_LEFKOSIA_ARAP_ACHMET.kml,"LEFKOSIA, LEFKOSIA ARAP ACHMET",1,0,17,ARAP ACHMET,ΑΡΑΠ ΑΧΜΕΤ,1000,100017,1,361,33.3537,35.18,16275,
LEFKOSIA_LEFKOSIA_CHADAR_PASA.kml,"LEFKOSIA, LEFKOSIA CHADAR PASA",1,0,27,CHADAR PASA,ΧΑΪΔΑΡ ΠΑΣΑ,1000,100027,1,105,33.3667,35.1778,6619,
LEFKOSIA_LEFKOSIA_CHRYSALINIOTISSA.kml,"LEFKOSIA, LEFKOSIA CHRYSALINIOTISSA",1,0,11,CHRYSALINIOTISSA,ΧΡΥΣΑΛΙΝΙΩΤΙΣΣΑ,1000,100011,1,124,33.3695,35.1765,7358,
LEFKOSIA_LEFKOSIA_FANEROMENI.kml,"LEFKOSIA, LEFKOSIA FANEROMENI",1,0,5,FANEROMENI,ΦΑΝΕΡΩΜΕΝΗ,1000,100005,1,92,33.3627,35.1735,6115,
LEFKOSIA_LEFKOSIA_GENI_TZAMI.kml,"LEFKOSIA, LEFKOSIA GENI TZAMI",1,0,18,GENI TZAMI,ΓΕΝΙ ΤΖΑΜΙ,1000,100018,1,248,33.3681,35.1803,12018,
LEFKOSIA_LEFKOSIA_IMPRACHIM_PASA.kml,"LEFKOSIA, LEFKOSIA IMPRACHIM PASA",1,0,20,IMPRACHIM PASA,ΙΜΠΡΑΧΙΜ ΠΑΣΑ,1000,100020,1,76,33.3613,35.1796,5531,
LEFKOSIA_LEFKOSIA_IPL_BAZAR_KORK_EF.kml,"LEFKOSIA, LEFKOSIA IPL.BAZAR & KORK. EF",1,0,25,IPL.BAZAR & KORK. EF,ΙΠΛ. ΠΑΖΑΡ & ΚΟΡΚ.ΕΦ,1000,100025,1,119,33.3614,35.1765,7214,
LEFKOSIA_LEFKOSIA_KARAMANZANTE.kml,"LEFKOSIA, LEFKOSIA KARAMANZANTE",1,0,28,KARAMANZANTE,ΚΑΡΑΜΑΝΖΑΝΤΕ,1000,100028,1,78,33.3575,35.1751,5600,
LEFKOSIA_LEFKOSIA_KA_MAKLI.kml,"LEFKOSIA, LEFKOSIA KAΪMAKLI",1,0,13,KAΪMAKLI,ΚΑΪΜΑΚΛΙ,1000,100013,1,1350,33.433,35.1798,53658,
LEFKOSIA_LEFKOSIA_MACHMOUT_PASA.kml,"LEFKOSIA, LEFKOSIA MACHMOUT PASA",1,0,21,MACHMOUT PASA,MAXMOYT ΠΑΣΑ,1000,100021,1,88,33.3592,35.1802,5978,
LEFKOSIA_LEFKOSIA_NEAPOLI.kml,"LEFKOSIA, LEFKOSIA NEAPOLI",1,0,29,NEAPOLI,ΝΕΑΠΟΛΗ,1000,100029,1,236,33.3629,35.1855,11548,
LEFKOSIA_LEFKOSIA_NEMPETCHANE.kml,"LEFKOSIA, LEFKOSIA NEMPETCHANE",1,0,3,NEMPETCHANE,ΝΕΜΠΕΤΧΑΝΕ,1000,100003,1,58,33.3603,35.1743,4841,
LEFKOSIA_LEFKOSIA_OMERIE.kml,"LEFKOSIA, LEFKOSIA OMERIE",1,0,7,OMERIE,ΟΜΕΡΙΕ,1000,100007,1,109,33.3654,35.1732,6741,
LEFKOSIA_LEFKOSIA_OMORFITA.kml,"LEFKOSIA, LEFKOSIA OMORFITA",1,0,19,OMORFITA,ΟΜΟΡΦΙΤΑ,1000,100019,1,421,33.3773,35.2023,18537,
LEFKOSIA_LEFKOSIA_PANAGIA.kml,"LEFKOSIA, LEFKOSIA PANAGIA",1,0,14,PANAGIA,ΠΑΝΑΓΙΑ,1000,100014,1,629,33.3979,35.1705,26402,
LEFKOSIA_LEFKOSIA_TAKTELKALE.kml,"LEFKOSIA, LEFKOSIA TAKTELKALE",1,0,10,TAKTELKALE,ΤΑΚΤΕΛΚΑΛΕ,1000,100010,1,224,33.3716,35.1748,11103,
LEFKOSIA_LEFKOSIA_TAMPAKCHANE.kml,"LEFKOSIA, LEFKOSIA TAMPAKCHANE",1,0,4,TAMPAKCHANE,ΤΑΜΠΑΚΧΑΝΕ,1000,100004,1,76,33.3595,35.1717,5520,
LEFKOSIA_LEFKOSIA_TRYPIOTIS.kml,"LEFKOSIA, LEFKOSIA TRYPIOTIS",1,0,2,TRYPIOTIS,ΤΡΥΠΙΩΤΗΣ,1000,100002,1,222,33.3597,35.1678,11019,
LEMESOS_LEMESOS_AGIA_FYLAXIS.kml,"LEMESOS, LEMESOS AGIA FYLAXIS",5,0,18,AGIA FYLAXIS,ΑΓΙΑ ΦΥΛΑΞΙΣ,5000,500018,1,633,33.0144,34.7183,26565,
LEMESOS_LEMESOS_AGIA_NAPA.kml,"LEMESOS, LEMESOS AGIA NAPA",5,0,4,AGIA NAPA,ΑΓΙΑ ΝΑΠΑ,5000,500004,1,164,33.0454,34.675,8829,
LEMESOS_LEMESOS_AGIA_TRIAS.kml,"LEMESOS, LEMESOS AGIA TRIAS",5,0,15,AGIA TRIAS,ΑΓΙΑ ΤΡΙΑΣ,5000,500015,1,138,33.0506,34.681,7854,
LEMESOS_LEMESOS_AGIA_ZONI.kml,"LEMESOS, LEMESOS AGIA ZONI",5,0,14,AGIA ZONI,ΑΓΙΑ ΖΩΝΗ,5000,500014,1,117,33.0455,34.684,7059,
LEMESOS_LEMESOS_AGIOS_ANTONIOS.kml,"LEMESOS, LEMESOS AGIOS ANTONIOS",5,0,1,AGIOS ANTONIOS,ΑΓΙΟΣ ΑΝΤΩΝΙΟΣ,5000,500001,1,535,33.0393,34.6681,22875,
LEMESOS_LEMESOS_AGIOS_GEORGIOS.kml,"LEMESOS, LEMESOS AGIOS GEORGIOS",5,0,10,AGIOS GEORGIOS,ΑΓΙΟΣ ΓΕΩΡΓΙΟΣ,5000,500010,1,267,33.0214,34.6899,12753,
LEMESOS_LEMESOS_AGIOS_IOANNIS.kml,"LEMESOS, LEMESOS AGIOS IOANNIS",5,0,6,AGIOS IOANNIS,ΑΓΙΟΣ ΙΩΑΝΝΗΣ,5000,500006,1,154,33.0267,34.6744,8468,
LEMESOS_LEMESOS_AGIOS_NEKTARIOS.kml,"LEMESOS, LEMESOS AGIOS NEKTARIOS",5,0,13,AGIOS NEKTARIOS,ΑΓΙΟΣ ΝΕΚΤΑΡΙΟΣ,5000,500013,1,124,33.0444,34.6905,7345,
LEMESOS_LEMESOS_AGIOS_NIKOLAOS.kml,"LEMESOS, LEMESOS AGIOS NIKOLAOS",5,0,17,AGIOS NIKOLAOS,ΑΓΙΟΣ ΝΙΚΟΛΑΟΣ,5000,500017,1,187,33.057,34.6943,9732,
LEMESOS_LEMESOS_AGIOS_SPYRIDON.kml,"LEMESOS, LEMESOS AGIOS SPYRIDON",5,0,20,AGIOS SPYRIDON,ΑΓΙΟΣ ΣΠΥΡΙΔΩΝ,5000,500020,1,225,33.0033,34.6694,11171,
LEMESOS_LEMESOS_APOSTOLOS_ANDREAS.kml,"LEMESOS, LEMESOS APOSTOLOS ANDREAS",5,0,9,APOSTOLOS ANDREAS,ΑΠΟΣΤΟΛΟΣ ΑΝΔΡΕΑΣ,5000,500009,1,193,33.019,34.682,9949,
LEMESOS_LEMESOS_AP_PETROS_AND_PAVLOS.kml,"LEMESOS, LEMESOS AP PETROS AND PAVLOS",5,0,11,AP PETROS AND PAVLOS,ΑΠ ΠΕΤΡΟΣ ΚΑΙ ΠΑΥΛΟΣ,5000,500011,1,190,33.0273,34.695,9857,
LEMESOS_LEMESOS_ARNAOUTOGEITONIA.kml,"LEMESOS, LEMESOS ARNAOUTOGEITONIA",5,0,3,ARNAOUTOGEITONIA,ΑΡΝΑΟΥΤΟΓΕΙΤΟΝΙΑ,5000,500003,1,111,33.0334,34.6747,6861,
LEMESOS_LEMESOS_KAPSALOS.kml,"LEMESOS, LEMESOS KAPSALOS",5,0,12,KAPSALOS,ΚΑΨΑΛΟΣ,5000,500012,1,190,33.0352,34.6995,9803,
LEMESOS_LEMESOS_KATHOLIKI.kml,"LEMESOS, LEMESOS KATHOLIKI",5,0,5,KATHOLIKI,ΚΑΘΟΛΙΚΗ,5000,500005,1,193,33.0368,34.6781,9928,
LEMESOS_LEMESOS_NEAPOLI.kml,"LEMESOS, LEMESOS NEAPOLI",5,0,16,NEAPOLI,ΝΕΑΠΟΛΗ,5000,500016,1,137,33.0637,34.6894,7809,
LEMESOS_LEMESOS_OMONOIA.kml,"LEMESOS, LEMESOS OMONOIA",5,0,8,OMONOIA,ΟΜΟΝΟΙΑ,5000,500008,1,115,33.0185,34.6696,6969,
LEMESOS_LEMESOS_PANAG_EVANGELISTRIA.kml,"LEMESOS, LEMESOS PANAG EVANGELISTRIA",5,0,19,PANAG EVANGELISTRIA,ΠΑΝΑΓ ΕΥΑΓΓΕΛΙΣΤΡΙΑ,5000,500019,1,132,33.0039,34.7126,7677,
LEMESOS_LEMESOS_TSIFLIKOUDIA.kml,"LEMESOS, LEMESOS TSIFLIKOUDIA",5,0,7,TSIFLIKOUDIA,ΤΣΙΦΛΙΚΟΥΔΙΑ,5000,500007,1,228,33.0227,34.6601,11262,
LEMESOS_LEMESOS_TZAMI_TZENTIT.kml,"LEMESOS, LEMESOS TZAMI TZENTIT",5,0,2,TZAMI TZENTIT,ΤΖΑΜΙ ΤΖΕΝΤΙΤ,5000,500002,1,186,33.0391,34.6718,9689,
LEMESOS_LEMESOS_ZAKAKI.kml,"LEMESOS, LEMESOS ZAKAKI",5,0,21,ZAKAKI,ΖΑΚΑΚΙ,5000,500021,1,323,33.0121,34.653,14816,
LEMESOS_MESA_GEITONIA_CHALKOUTSA.kml,"LEMESOS, MESA GEITONIA CHALKOUTSA",5,11,2,CHALKOUTSA,ΧΑΛΚΟΥΤΣΑ,5011,501102,1,275,33.0561,34.6959,13042,
LEMESOS_MESA_GEITONIA_KONTOVATHKEIA.kml,"LEMESOS, MESA GEITONIA KONTOVATHKEIA",5,11,1,KONTOVATHKEIA,ΚΟΝΤΟΒΑΘΚΕΙΑ,5011,501101,1,138,33.042,34.699,7874,
LEMESOS_MESA_GEITONIA_PANTHEA.kml,"LEMESOS, MESA GEITONIA PANTHEA",5,11,4,PANTHEA,ΠΑΝΘΕΑ,5011,501104,1,404,33.0369,34.7185,17885,
LEMESOS_MESA_GEITONIA_TIMIOU_PRODROMOU.kml,"LEMESOS, MESA GEITONIA TIMIOU PRODROMOU",5,11,3,TIMIOU PRODROMOU,ΤΙΜΙΟΥ ΠΡΟΔΡΟΜΟΥ,5011,501103,1,148,33.0518,34.7014,8267,
NOTIA_L_SIA_IDALION_IDALION_AG_KONST_AND_ELENIS.kml,"NOTIA L/SIA - IDALION, IDALION AG KONST. AND ELENIS",1,107,1,AG KONST. AND ELENIS,ΑΓ ΚΩΝΣΤ. ΚΑΙ ΕΛΕΝΗΣ,1107,110701,1,556,33.3886,35.0674,23710,
NOTIA_L_SIA_IDALION_IDALION_PANAG_EVANGELISTRIA.kml,"NOTIA L/SIA - IDALION, IDALION PANAG. EVANGELISTRIA",1,107,2,PANAG. EVANGELISTRIA,ΠΑΝΑΓ. ΕΥΑΓΓΕΛΙΣΤΡΙΑ,1107,110702,1,1998,33.4155,35.0433,78180,
PAFOS_AGIOS_PAVLOS.kml,PAFOS AGIOS PAVLOS,6,0,2,AGIOS PAVLOS,ΑΓΙΟΣ ΠΑΥΛΟΣ,6000,600002,1,286,32.432,34.7875,13420,
PAFOS_AGIOS_THEODOROS.kml,PAFOS AGIOS THEODOROS,6,0,3,AGIOS THEODOROS,ΑΓΙΟΣ ΘΕΟΔΩΡΟΣ,6000,600003,1,980,32.4194,34.7728,39662,
PAFOS_ANAVARGOS.kml,PAFOS ANAVARGOS,6,0,5,ANAVARGOS,ΑΝΑΒΑΡΓΟΣ,6000,600005,1,638,32.4533,34.7939,26694,
PAFOS_KATO_PAFOS.kml,PAFOS KATO PAFOS,6,0,4,KATO PAFOS,ΚΑΤΩ ΠΑΦΟΣ,6000,600004,1,2148,32.4128,34.7539,83787,
PAFOS_MOUTTALOS.kml,PAFOS MOUTTALOS,6,0,1,MOUTTALOS,ΜΟΥΤΤΑΛΟΣ,6000,600001,1,1159,32.4071,34.7825,46411,
POLEMIDIA_KATO_POLEMIDIA_AGIOS_NIKOLAOS.kml,"POLEMIDIA, KATO POLEMIDIA AGIOS NIKOLAOS",5,22,5,AGIOS NIKOLAOS,ΑΓΙΟΣ ΝΙΚΟΛΑΟΣ,5022,502205,1,248,32.9797,34.7005,12047,
POLEMIDIA_KATO_POLEMIDIA_ANTHOUPOLIS.kml,"POLEMIDIA, KATO POLEMIDIA ANTHOUPOLIS",5,22,2,ANTHOUPOLIS,ΑΝΘΟΥΠΟΛΙΣ,5022,502202,1,109,32.9844,34.6858,6778,
POLEMIDIA_KATO_POLEMIDIA_APOSTOLOS_VARNAVAS.kml,"POLEMIDIA, KATO POLEMIDIA APOSTOLOS VARNAVAS",5,22,3,APOSTOLOS VARNAVAS,ΑΠΟΣΤΟΛΟΣ ΒΑΡΝΑΒΑΣ,5022,502203,1,84,33.0033,34.6808,5874,
POLEMIDIA_KATO_POLEMIDIA_ARCHANGELOS_MICHAIL.kml,"POLEMIDIA, KATO POLEMIDIA ARCHANGELOS MICHAIL",5,22,1,ARCHANGELOS MICHAIL,ΑΡΧΑΓΓΕΛΟΣ ΜΙΧΑΗΛ,5022,502201,1,283,32.9923,34.6673,13409,
POLEMIDIA_KATO_POLEMIDIA_MAKARIOS_III.kml,"POLEMIDIA, KATO POLEMIDIA MAKARIOS III",5,22,4,MAKARIOS III,ΜΑΚΑΡΙΟΣ ΙΙΙ,5022,502204,1,100,33.0141,34.686,6445,
POLEMIDIA_KATO_POLEMIDIA_PAN_EVANGELISTRIA.kml,"POLEMIDIA, KATO POLEMIDIA PAN. EVANGELISTRIA",5,22,6,PAN. EVANGELISTRIA,ΠΑΝ. ΕΥΑΓΓΕΛΙΣΤΡΙΑ,5022,502206,1,622,32.9795,34.7143,26202,
POLI_CHRYSOCHOUS_POLI_CHRYSOCHOUS_POLIS_CHRYSOCHOUS.kml,"POLI CHRYSOCHOUS, POLI CHRYSOCHOUS POLIS CHRYSOCHOUS",6,343,1,POLIS CHRYSOCHOUS,ΠΟΛΙΣ ΧΡΥΣΟΧΟΥΣ,6343,634301,1,879,32.4366,35.0389,35871,
POLI_CHRYSOCHOUS_POLI_CHRYSOCHOUS_PRODROMI.kml,"POLI CHRYSOCHOUS, POLI CHRYSOCHOUS PRODROMI",6,343,2,PRODROMI,ΠΡΟΔΡΟΜΙ,6343,634302,1,467,32.4077,35.0228,20298,
PRASTIO_LEFKOSIAS_AGIOS_GEORGIOS.kml,PRASTIO LEFKOSIAS AGIOS GEORGIOS,1,353,1,AGIOS GEORGIOS,ΑΓΙΟΣ ΓΕΩΡΓΙΟΣ,1353,135301,1,875,32.9331,35.1746,35730,
PRASTIO_LEFKOSIAS_NEO_LIVADI.kml,PRASTIO LEFKOSIAS NEO LIVADI,1,353,2,NEO LIVADI,ΝΕΟ ΛΙΒΑΔΙ,1353,135302,1,274,32.9355,35.1819,12989,
RIZOKARPASO_AFENTRIKA.kml,RIZOKARPASO AFENTRIKA,3,356,4,AFENTRIKA,ΑΦΕΝΤΡΙΚΑ,3356,335604,7,1428,34.4547,35.6511,57919,
RIZOKARPASO_AGIA_TRIADA.kml,RIZOKARPASO AGIA TRIADA,3,356,3,AGIA TRIADA,ΑΓΙΑ ΤΡΙΑΔΑ,3356,335603,2,1339,34.4152,35.63,53436,
RIZOKARPASO_ANAVRYSI.kml,RIZOKARPASO ANAVRYSI,3,356,2,ANAVRYSI,ΑΝΑΒΡΥΣΗ,3356,335602,1,2139,34.3443,35.5672,83405,
RIZOKARPASO_LEKO.kml,RIZOKARPASO LEKO,3,356,1,LEKO,ΛΕΚΟ,3356,335601,32,4776,34.4921,35.6335,189993,
SPILIA_AGIOS_ANTONIOS.kml,SPILIA AGIOS ANTONIOS,1,400,1,AGIOS ANTONIOS,ΑΓΙΟΣ ΑΝΤΩΝΙΟΣ,1400,140001,1,887,32.939,34.9541,36145,
SPILIA_KOURDALI.kml,SPILIA KOURDALI,1,400,2,KOURDALI,ΚΟΥΡΔΑΛΗ,1400,140002,1,268,32.9403,34.9812,12732,
STROVOLOS_AGIOS_DIMITRIOS.kml,STROVOLOS AGIOS DIMITRIOS,1,12,2,AGIOS DIMITRIOS,ΑΓΙΟΣ ΔΗΜΗΤΡΙΟΣ,1012,101202,1,193,33.3621,35.152,9947,
STROVOLOS_AGIOS_VASILEIOS.kml,STROVOLOS AGIOS VASILEIOS,1,12,4,AGIOS VASILEIOS,ΑΓΙΟΣ ΒΑΣΙΛΕΙΟΣ,1012,101204,1,591,33.3404,35.1228,25095,
STROVOLOS_AP_VARN_AG_MAKAR.kml,STROVOLOS AP.VARN. & AG.MAKAR.,1,12,3,AP.VARN. & AG.MAKAR.,ΑΠ.ΒΑΡΝ. & ΑΓ.ΜΑΚΑΡ.,1012,101203,1,749,33.3612,35.1227,31123,
STROVOLOS_CHRYSELEOUSA.kml,STROVOLOS CHRYSELEOUSA,1,12,1,CHRYSELEOUSA,ΧΡΥΣΕΛΕΟΥΣΑ,1012,101201,1,480,33.3325,35.1481,20765,
STROVOLOS_ETHNOMAR_KYPRIANOS.kml,STROVOLOS ETHNOMAR. KYPRIANOS,1,12,5,ETHNOMAR. KYPRIANOS,ΕΘΝΟΜΑΡΤ. ΚΥΠΡΙΑΝΟΣ,1012,101205,1,132,33.3473,35.1271,7653,
STROVOLOS_STAVROS.kml,STROVOLOS STAVROS,1,12,6,STAVROS,ΣΤΑΥΡΟΣ,1012,101206,1,102,33.3639,35.1314,6468,
XEROVOUNOS_LIMNITIS.kml,XEROVOUNOS LIMNITIS,1,452,1,LIMNITIS,ΛΙΜΝΙΤΗΣ,1452,145201,2,620,32.7319,35.1701,26255,
XEROVOUNOS_MOUTTI.kml,XEROVOUNOS MOUTTI,1,452,2,MOUTTI,MOYTTH,1452,145202,1,881,32.7229,35.1243,35869,
